spp,true.lo,true.hi,obs.lo,obs.hi,mod.lo,mod.hi,sim,b,mtn,type,effort,era
1,1600,2900,1600,2900,1600,3000,1,100,FR,all,1,C
2,1700,3700,1800,3500,1700,3600,1,100,FR,all,1,C
3,1600,2800,1600,2800,1600,2800,1,100,FR,all,1,C
4,1800,3800,1900,3800,1900,3800,1,100,FR,all,1,C
5,1600,3700,1600,3700,1600,3700,1,100,FR,all,1,C
6,1700,3200,1900,3000,1900,3000,1,100,FR,all,1,C
7,2500,3800,2500,3800,2500,3800,1,100,FR,all,1,C
8,1600,3100,1600,3000,1600,3000,1,100,FR,all,1,C
9,1700,3400,1800,3400,1800,3400,1,100,FR,all,1,C
10,2900,2900,NA,NA,1600,3800,1,100,FR,all,1,C
11,1600,2800,1600,2700,1600,2700,1,100,FR,all,1,C
12,1600,3100,1600,3000,1600,3000,1,100,FR,all,1,C
13,1600,3200,1600,3200,1600,3200,1,100,FR,all,1,C
14,1600,2600,1600,2500,1600,2500,1,100,FR,all,1,C
15,1600,2800,1600,2800,1600,2800,1,100,FR,all,1,C
16,1800,2700,2000,2700,2000,2700,1,100,FR,all,1,C
17,2400,3400,2500,3400,2500,3400,1,100,FR,all,1,C
18,2600,3800,2700,3800,2700,3800,1,100,FR,all,1,C
19,1600,3500,1600,3300,1600,3300,1,100,FR,all,1,C
20,2600,2800,2700,2700,2700,2700,1,100,FR,all,1,C
21,1600,2950,1600,2900,1600,2900,1,100,FR,all,1,C
22,1600,3800,1600,3800,1600,3800,1,100,FR,all,1,C
23,1600,3500,1600,3500,1600,3500,1,100,FR,all,1,C
24,1600,2800,1600,2800,1600,2800,1,100,FR,all,1,C
25,2700,3100,2700,3100,2700,3100,1,100,FR,all,1,C
26,1800,3600,1800,3500,1800,3500,1,100,FR,all,1,C
27,1700,2900,1800,2900,1800,2900,1,100,FR,all,1,C
28,2300,3400,2300,3400,2300,3400,1,100,FR,all,1,C
29,1600,2700,1600,2500,1600,2600,1,100,FR,all,1,C
30,1900,3000,1900,2700,1900,2700,1,100,FR,all,1,C
31,1600,3000,1600,3000,1600,3000,1,100,FR,all,1,C
1,1600,2900,1700,2800,1700,2800,2,100,FR,all,1,C
2,1700,3700,1800,3500,1700,3600,2,100,FR,all,1,C
3,1600,2800,1600,2800,1600,2800,2,100,FR,all,1,C
4,1800,3800,1900,3800,1900,3800,2,100,FR,all,1,C
5,1600,3700,1800,3700,1800,3700,2,100,FR,all,1,C
6,1700,3200,2000,3000,2000,3000,2,100,FR,all,1,C
7,2500,3800,2500,3800,2500,3800,2,100,FR,all,1,C
8,1600,3100,1600,3000,1600,3000,2,100,FR,all,1,C
9,1700,3400,1800,3400,1800,3400,2,100,FR,all,1,C
10,2900,2900,NA,NA,1600,3800,2,100,FR,all,1,C
11,1600,2800,1600,2700,1600,2700,2,100,FR,all,1,C
12,1600,3100,1600,3000,1600,3000,2,100,FR,all,1,C
13,1600,3200,1700,3100,1700,3100,2,100,FR,all,1,C
14,1600,2600,1700,2500,1700,2500,2,100,FR,all,1,C
15,1600,2800,1600,2800,1600,2800,2,100,FR,all,1,C
16,1800,2700,1900,2700,1900,2700,2,100,FR,all,1,C
17,2400,3400,2500,3400,2500,3400,2,100,FR,all,1,C
18,2600,3800,2700,3800,2700,3800,2,100,FR,all,1,C
19,1600,3500,1600,3300,1600,3300,2,100,FR,all,1,C
20,2600,2800,2700,2700,2700,2700,2,100,FR,all,1,C
21,1600,2950,1600,2900,1600,2900,2,100,FR,all,1,C
22,1600,3800,1600,3800,1600,3800,2,100,FR,all,1,C
23,1600,3500,1600,3300,1600,3300,2,100,FR,all,1,C
24,1600,2800,1600,2800,1600,2800,2,100,FR,all,1,C
25,2700,3100,2700,3100,2700,3100,2,100,FR,all,1,C
26,1800,3600,1900,3500,1900,3500,2,100,FR,all,1,C
27,1700,2900,1800,2900,1800,2900,2,100,FR,all,1,C
28,2300,3400,2300,3400,2300,3400,2,100,FR,all,1,C
29,1600,2700,1700,2500,1600,2600,2,100,FR,all,1,C
30,1900,3000,1900,3000,1900,3000,2,100,FR,all,1,C
31,1600,3000,1600,2900,1600,2900,2,100,FR,all,1,C
1,1600,2900,1700,2800,1600,2800,3,100,FR,all,1,C
2,1700,3700,1800,3500,1800,3600,3,100,FR,all,1,C
3,1600,2800,1600,2800,1600,2800,3,100,FR,all,1,C
4,1800,3800,1900,3800,1900,3800,3,100,FR,all,1,C
5,1600,3700,1700,3700,1700,3700,3,100,FR,all,1,C
6,1700,3200,1900,3000,1900,3000,3,100,FR,all,1,C
7,2500,3800,2500,3800,2500,3800,3,100,FR,all,1,C
8,1600,3100,1600,3000,1600,3000,3,100,FR,all,1,C
9,1700,3400,1800,3400,1800,3400,3,100,FR,all,1,C
10,2900,2900,NA,NA,1600,3800,3,100,FR,all,1,C
11,1600,2800,1700,2800,1700,2800,3,100,FR,all,1,C
12,1600,3100,1600,3000,1600,3000,3,100,FR,all,1,C
13,1600,3200,1600,3100,1600,3100,3,100,FR,all,1,C
14,1600,2600,1600,2500,1600,2500,3,100,FR,all,1,C
15,1600,2800,1800,2800,1800,2800,3,100,FR,all,1,C
16,1800,2700,1900,2700,1900,2700,3,100,FR,all,1,C
17,2400,3400,2800,3400,2800,3400,3,100,FR,all,1,C
18,2600,3800,2700,3800,2700,3800,3,100,FR,all,1,C
19,1600,3500,1600,3400,1600,3400,3,100,FR,all,1,C
20,2600,2800,2700,2700,2700,2700,3,100,FR,all,1,C
21,1600,2950,1600,2900,1600,2900,3,100,FR,all,1,C
22,1600,3800,1600,3800,1600,3800,3,100,FR,all,1,C
23,1600,3500,1600,3500,1600,3500,3,100,FR,all,1,C
24,1600,2800,1600,2800,1600,2800,3,100,FR,all,1,C
25,2700,3100,2700,3000,2700,3000,3,100,FR,all,1,C
26,1800,3600,1900,3500,1900,3500,3,100,FR,all,1,C
27,1700,2900,1800,2900,1800,2900,3,100,FR,all,1,C
28,2300,3400,2300,3400,2300,3400,3,100,FR,all,1,C
29,1600,2700,1700,2400,1700,2400,3,100,FR,all,1,C
30,1900,3000,1900,3000,1900,3000,3,100,FR,all,1,C
31,1600,3000,1600,3000,1600,3000,3,100,FR,all,1,C
1,1600,2900,1600,2800,1600,2900,4,100,FR,all,1,C
2,1700,3700,1900,3700,1900,3700,4,100,FR,all,1,C
3,1600,2800,1600,2800,1600,2800,4,100,FR,all,1,C
4,1800,3800,1900,3800,1900,3800,4,100,FR,all,1,C
5,1600,3700,1600,3700,1600,3800,4,100,FR,all,1,C
6,1700,3200,1900,3000,1900,3000,4,100,FR,all,1,C
7,2500,3800,2500,3800,2500,3800,4,100,FR,all,1,C
8,1600,3100,1600,3000,1600,3000,4,100,FR,all,1,C
9,1700,3400,1800,3400,1800,3400,4,100,FR,all,1,C
10,2900,2900,NA,NA,1600,3800,4,100,FR,all,1,C
11,1600,2800,1700,2700,1700,2700,4,100,FR,all,1,C
12,1600,3100,1600,3000,1600,3000,4,100,FR,all,1,C
13,1600,3200,1600,3200,1600,3200,4,100,FR,all,1,C
14,1600,2600,1600,2500,1600,2600,4,100,FR,all,1,C
15,1600,2800,1800,2800,1800,2800,4,100,FR,all,1,C
16,1800,2700,2000,2700,2000,2700,4,100,FR,all,1,C
17,2400,3400,2600,3400,2600,3400,4,100,FR,all,1,C
18,2600,3800,2700,3800,2700,3800,4,100,FR,all,1,C
19,1600,3500,1600,3400,1600,3400,4,100,FR,all,1,C
20,2600,2800,2700,2700,2700,2700,4,100,FR,all,1,C
21,1600,2950,1600,2900,1600,2900,4,100,FR,all,1,C
22,1600,3800,1700,3800,1700,3800,4,100,FR,all,1,C
23,1600,3500,1600,3300,1600,3300,4,100,FR,all,1,C
24,1600,2800,1600,2800,1600,2800,4,100,FR,all,1,C
25,2700,3100,2700,3100,2700,3100,4,100,FR,all,1,C
26,1800,3600,1900,3500,1900,3500,4,100,FR,all,1,C
27,1700,2900,1800,2900,1800,2900,4,100,FR,all,1,C
28,2300,3400,2300,3400,2300,3400,4,100,FR,all,1,C
29,1600,2700,1600,2500,1600,2600,4,100,FR,all,1,C
30,1900,3000,1900,3000,1900,3000,4,100,FR,all,1,C
31,1600,3000,1600,3000,1600,3000,4,100,FR,all,1,C
1,1600,2900,1700,2700,1700,2700,5,100,FR,all,1,C
2,1700,3700,1800,3600,1800,3600,5,100,FR,all,1,C
3,1600,2800,1600,2800,1600,2800,5,100,FR,all,1,C
4,1800,3800,1900,3800,1900,3800,5,100,FR,all,1,C
5,1600,3700,1600,3700,1600,3700,5,100,FR,all,1,C
6,1700,3200,1900,3000,1900,3000,5,100,FR,all,1,C
7,2500,3800,2500,3800,2500,3800,5,100,FR,all,1,C
8,1600,3100,1600,3000,1600,3000,5,100,FR,all,1,C
9,1700,3400,1800,3400,1800,3400,5,100,FR,all,1,C
10,2900,2900,NA,NA,1600,3800,5,100,FR,all,1,C
11,1600,2800,1600,2700,1600,2700,5,100,FR,all,1,C
12,1600,3100,1600,3000,1600,3000,5,100,FR,all,1,C
13,1600,3200,1600,3100,1600,3100,5,100,FR,all,1,C
14,1600,2600,1700,2500,1700,2500,5,100,FR,all,1,C
15,1600,2800,1600,2800,1600,2800,5,100,FR,all,1,C
16,1800,2700,1900,2700,1900,2700,5,100,FR,all,1,C
17,2400,3400,2700,3400,2700,3400,5,100,FR,all,1,C
18,2600,3800,2700,3800,2700,3800,5,100,FR,all,1,C
19,1600,3500,1600,3400,1600,3400,5,100,FR,all,1,C
20,2600,2800,2700,2700,2700,2700,5,100,FR,all,1,C
21,1600,2950,1600,2900,1600,2900,5,100,FR,all,1,C
22,1600,3800,1600,3800,1600,3800,5,100,FR,all,1,C
23,1600,3500,1700,3300,1700,3300,5,100,FR,all,1,C
24,1600,2800,1600,2800,1600,2800,5,100,FR,all,1,C
25,2700,3100,2700,3000,2700,3000,5,100,FR,all,1,C
26,1800,3600,1900,3500,1900,3500,5,100,FR,all,1,C
27,1700,2900,1800,2800,1800,2800,5,100,FR,all,1,C
28,2300,3400,2300,3400,2300,3400,5,100,FR,all,1,C
29,1600,2700,1800,2700,1700,2800,5,100,FR,all,1,C
30,1900,3000,1900,3000,1900,3000,5,100,FR,all,1,C
31,1600,3000,1600,2900,1600,2900,5,100,FR,all,1,C
1,1600,2900,1600,2700,1600,2700,6,100,FR,all,1,C
2,1700,3700,1700,3500,1700,3600,6,100,FR,all,1,C
3,1600,2800,1600,2800,1600,2800,6,100,FR,all,1,C
4,1800,3800,1900,3700,1900,3700,6,100,FR,all,1,C
5,1600,3700,1700,3700,1700,3700,6,100,FR,all,1,C
6,1700,3200,1900,3000,1900,3000,6,100,FR,all,1,C
7,2500,3800,2500,3800,2500,3800,6,100,FR,all,1,C
8,1600,3100,1600,3000,1600,3000,6,100,FR,all,1,C
9,1700,3400,1800,3400,1800,3400,6,100,FR,all,1,C
10,2900,2900,NA,NA,1600,3800,6,100,FR,all,1,C
11,1600,2800,1600,2800,1600,2800,6,100,FR,all,1,C
12,1600,3100,1600,3000,1600,3000,6,100,FR,all,1,C
13,1600,3200,1600,3200,1600,3200,6,100,FR,all,1,C
14,1600,2600,1600,2500,1600,2500,6,100,FR,all,1,C
15,1600,2800,1600,2800,1600,2800,6,100,FR,all,1,C
16,1800,2700,1900,2700,1900,2700,6,100,FR,all,1,C
17,2400,3400,2800,3400,2800,3400,6,100,FR,all,1,C
18,2600,3800,2600,3800,2600,3800,6,100,FR,all,1,C
19,1600,3500,1600,3300,1600,3300,6,100,FR,all,1,C
20,2600,2800,2700,2700,2700,2700,6,100,FR,all,1,C
21,1600,2950,1700,2900,1700,2900,6,100,FR,all,1,C
22,1600,3800,1600,3800,1600,3800,6,100,FR,all,1,C
23,1600,3500,1600,3500,1600,3500,6,100,FR,all,1,C
24,1600,2800,1600,2800,1600,2800,6,100,FR,all,1,C
25,2700,3100,2700,3100,2700,3100,6,100,FR,all,1,C
26,1800,3600,1900,3500,1900,3500,6,100,FR,all,1,C
27,1700,2900,1800,2900,1800,2900,6,100,FR,all,1,C
28,2300,3400,2300,3400,2300,3400,6,100,FR,all,1,C
29,1600,2700,1700,2700,1600,2700,6,100,FR,all,1,C
30,1900,3000,1900,3000,1900,3000,6,100,FR,all,1,C
31,1600,3000,1600,3000,1600,3000,6,100,FR,all,1,C
1,1600,2900,1800,2800,1700,2900,7,100,FR,all,1,C
2,1700,3700,1800,3500,1700,3600,7,100,FR,all,1,C
3,1600,2800,1600,2800,1600,2800,7,100,FR,all,1,C
4,1800,3800,1900,3700,1900,3700,7,100,FR,all,1,C
5,1600,3700,1600,3700,1600,3700,7,100,FR,all,1,C
6,1700,3200,1900,3000,1900,3000,7,100,FR,all,1,C
7,2500,3800,2500,3800,2500,3800,7,100,FR,all,1,C
8,1600,3100,1600,3000,1600,3000,7,100,FR,all,1,C
9,1700,3400,1700,3400,1700,3400,7,100,FR,all,1,C
10,2900,2900,NA,NA,1600,3800,7,100,FR,all,1,C
11,1600,2800,1600,2700,1600,2700,7,100,FR,all,1,C
12,1600,3100,1600,3000,1600,3000,7,100,FR,all,1,C
13,1600,3200,1600,3200,1600,3200,7,100,FR,all,1,C
14,1600,2600,1700,2500,1700,2500,7,100,FR,all,1,C
15,1600,2800,1700,2800,1700,2800,7,100,FR,all,1,C
16,1800,2700,1900,2700,1900,2700,7,100,FR,all,1,C
17,2400,3400,2600,3400,2600,3400,7,100,FR,all,1,C
18,2600,3800,2700,3800,2700,3800,7,100,FR,all,1,C
19,1600,3500,1600,3400,1600,3400,7,100,FR,all,1,C
20,2600,2800,2700,2700,2700,2700,7,100,FR,all,1,C
21,1600,2950,1600,2900,1600,2900,7,100,FR,all,1,C
22,1600,3800,1700,3800,1700,3800,7,100,FR,all,1,C
23,1600,3500,1600,3400,1600,3400,7,100,FR,all,1,C
24,1600,2800,1600,2800,1600,2800,7,100,FR,all,1,C
25,2700,3100,2700,3100,2700,3100,7,100,FR,all,1,C
26,1800,3600,1800,3500,1800,3500,7,100,FR,all,1,C
27,1700,2900,1800,2900,1800,2900,7,100,FR,all,1,C
28,2300,3400,2300,3400,2300,3400,7,100,FR,all,1,C
29,1600,2700,1600,2700,1600,2700,7,100,FR,all,1,C
30,1900,3000,1900,2700,1900,2700,7,100,FR,all,1,C
31,1600,3000,1600,3000,1600,3000,7,100,FR,all,1,C
1,1600,2900,1700,2800,1600,2800,8,100,FR,all,1,C
2,1700,3700,1800,3700,1700,3800,8,100,FR,all,1,C
3,1600,2800,1600,2800,1600,2800,8,100,FR,all,1,C
4,1800,3800,1900,3800,1900,3800,8,100,FR,all,1,C
5,1600,3700,1700,3700,1700,3700,8,100,FR,all,1,C
6,1700,3200,1900,3000,1900,3000,8,100,FR,all,1,C
7,2500,3800,2500,3800,2500,3800,8,100,FR,all,1,C
8,1600,3100,1600,3000,1600,3000,8,100,FR,all,1,C
9,1700,3400,1800,3400,1800,3400,8,100,FR,all,1,C
10,2900,2900,NA,NA,1600,3800,8,100,FR,all,1,C
11,1600,2800,1600,2700,1600,2700,8,100,FR,all,1,C
12,1600,3100,1600,3000,1600,3000,8,100,FR,all,1,C
13,1600,3200,1700,3100,1700,3100,8,100,FR,all,1,C
14,1600,2600,1600,2500,1600,2600,8,100,FR,all,1,C
15,1600,2800,1600,2800,1600,2800,8,100,FR,all,1,C
16,1800,2700,2000,2700,2000,2700,8,100,FR,all,1,C
17,2400,3400,2700,3400,2700,3400,8,100,FR,all,1,C
18,2600,3800,2600,3800,2600,3800,8,100,FR,all,1,C
19,1600,3500,1600,3300,1600,3300,8,100,FR,all,1,C
20,2600,2800,2700,2700,2700,2700,8,100,FR,all,1,C
21,1600,2950,1600,2900,1600,2900,8,100,FR,all,1,C
22,1600,3800,1600,3800,1600,3800,8,100,FR,all,1,C
23,1600,3500,1700,3500,1700,3500,8,100,FR,all,1,C
24,1600,2800,1600,2800,1600,2800,8,100,FR,all,1,C
25,2700,3100,2700,3100,2700,3100,8,100,FR,all,1,C
26,1800,3600,1900,3500,1900,3500,8,100,FR,all,1,C
27,1700,2900,1800,2900,1800,2900,8,100,FR,all,1,C
28,2300,3400,2300,3400,2300,3400,8,100,FR,all,1,C
29,1600,2700,1800,2500,1800,2600,8,100,FR,all,1,C
30,1900,3000,1900,3000,1900,3000,8,100,FR,all,1,C
31,1600,3000,1600,2900,1600,2900,8,100,FR,all,1,C
1,1600,2900,1800,2800,1800,2800,9,100,FR,all,1,C
2,1700,3700,1800,3700,1800,3800,9,100,FR,all,1,C
3,1600,2800,1600,2800,1600,2800,9,100,FR,all,1,C
4,1800,3800,1900,3700,1900,3700,9,100,FR,all,1,C
5,1600,3700,1700,3700,1700,3700,9,100,FR,all,1,C
6,1700,3200,1900,3000,1900,3000,9,100,FR,all,1,C
7,2500,3800,2500,3800,2500,3800,9,100,FR,all,1,C
8,1600,3100,1600,3000,1600,3000,9,100,FR,all,1,C
9,1700,3400,1800,3400,1800,3400,9,100,FR,all,1,C
10,2900,2900,NA,NA,1600,3800,9,100,FR,all,1,C
11,1600,2800,1700,2700,1700,2700,9,100,FR,all,1,C
12,1600,3100,1600,3000,1600,3000,9,100,FR,all,1,C
13,1600,3200,1600,3100,1600,3100,9,100,FR,all,1,C
14,1600,2600,1700,2500,1700,2500,9,100,FR,all,1,C
15,1600,2800,1700,2800,1700,2800,9,100,FR,all,1,C
16,1800,2700,1900,2700,1900,2700,9,100,FR,all,1,C
17,2400,3400,2700,3400,2700,3400,9,100,FR,all,1,C
18,2600,3800,2700,3800,2700,3800,9,100,FR,all,1,C
19,1600,3500,1600,3400,1600,3400,9,100,FR,all,1,C
20,2600,2800,2700,2700,2700,2700,9,100,FR,all,1,C
21,1600,2950,1600,2900,1600,2900,9,100,FR,all,1,C
22,1600,3800,1600,3800,1600,3800,9,100,FR,all,1,C
23,1600,3500,1700,3300,1700,3300,9,100,FR,all,1,C
24,1600,2800,1600,2800,1600,2800,9,100,FR,all,1,C
25,2700,3100,2700,3100,2700,3100,9,100,FR,all,1,C
26,1800,3600,1900,3500,1900,3500,9,100,FR,all,1,C
27,1700,2900,1800,2800,1800,2800,9,100,FR,all,1,C
28,2300,3400,2300,3400,2300,3400,9,100,FR,all,1,C
29,1600,2700,1600,2700,1600,2700,9,100,FR,all,1,C
30,1900,3000,1900,2700,1900,2700,9,100,FR,all,1,C
31,1600,3000,1600,3000,1600,3000,9,100,FR,all,1,C
1,1600,2900,1800,2800,1800,2800,10,100,FR,all,1,C
2,1700,3700,1800,3600,1800,3600,10,100,FR,all,1,C
3,1600,2800,1600,2800,1600,2800,10,100,FR,all,1,C
4,1800,3800,1900,3800,1900,3800,10,100,FR,all,1,C
5,1600,3700,1700,3700,1700,3700,10,100,FR,all,1,C
6,1700,3200,1900,3000,1900,3000,10,100,FR,all,1,C
7,2500,3800,2500,3800,2500,3800,10,100,FR,all,1,C
8,1600,3100,1600,3000,1600,3000,10,100,FR,all,1,C
9,1700,3400,1800,3400,1800,3400,10,100,FR,all,1,C
10,2900,2900,NA,NA,1600,3800,10,100,FR,all,1,C
11,1600,2800,1700,2700,1700,2700,10,100,FR,all,1,C
12,1600,3100,1600,3000,1600,3000,10,100,FR,all,1,C
13,1600,3200,1700,3200,1700,3200,10,100,FR,all,1,C
14,1600,2600,1600,2500,1600,2500,10,100,FR,all,1,C
15,1600,2800,1600,2800,1600,2800,10,100,FR,all,1,C
16,1800,2700,2000,2500,2000,2500,10,100,FR,all,1,C
17,2400,3400,2800,3400,2800,3400,10,100,FR,all,1,C
18,2600,3800,2700,3800,2700,3800,10,100,FR,all,1,C
19,1600,3500,1600,3300,1600,3300,10,100,FR,all,1,C
20,2600,2800,2700,2700,2700,2700,10,100,FR,all,1,C
21,1600,2950,1600,2900,1600,2900,10,100,FR,all,1,C
22,1600,3800,1600,3800,1600,3800,10,100,FR,all,1,C
23,1600,3500,1600,3300,1600,3300,10,100,FR,all,1,C
24,1600,2800,1600,2800,1600,2800,10,100,FR,all,1,C
25,2700,3100,2700,3100,2700,3100,10,100,FR,all,1,C
26,1800,3600,1900,3500,1900,3500,10,100,FR,all,1,C
27,1700,2900,1800,2900,1800,2900,10,100,FR,all,1,C
28,2300,3400,2300,3400,2300,3400,10,100,FR,all,1,C
29,1600,2700,1600,2500,1600,2600,10,100,FR,all,1,C
30,1900,3000,1900,3000,1900,3000,10,100,FR,all,1,C
31,1600,3000,1600,3000,1600,3000,10,100,FR,all,1,C
1,1600,2900,1800,2700,1800,2700,11,100,FR,all,1,C
2,1700,3700,1800,3500,1800,3600,11,100,FR,all,1,C
3,1600,2800,1600,2800,1600,2800,11,100,FR,all,1,C
4,1800,3800,1900,3800,1900,3800,11,100,FR,all,1,C
5,1600,3700,1700,3700,1700,3700,11,100,FR,all,1,C
6,1700,3200,1900,3000,1900,3000,11,100,FR,all,1,C
7,2500,3800,2500,3800,2500,3800,11,100,FR,all,1,C
8,1600,3100,1600,3000,1600,3000,11,100,FR,all,1,C
9,1700,3400,1800,3400,1800,3400,11,100,FR,all,1,C
10,2900,2900,NA,NA,2600,2600,11,100,FR,all,1,C
11,1600,2800,1600,2700,1600,2700,11,100,FR,all,1,C
12,1600,3100,1600,3000,1600,3000,11,100,FR,all,1,C
13,1600,3200,1600,3100,1600,3100,11,100,FR,all,1,C
14,1600,2600,1700,2500,1700,2500,11,100,FR,all,1,C
15,1600,2800,1600,2800,1600,2800,11,100,FR,all,1,C
16,1800,2700,1900,2700,1900,2700,11,100,FR,all,1,C
17,2400,3400,2500,3400,2500,3400,11,100,FR,all,1,C
18,2600,3800,2700,3800,2700,3800,11,100,FR,all,1,C
19,1600,3500,1600,3400,1600,3400,11,100,FR,all,1,C
20,2600,2800,2700,2700,2700,2700,11,100,FR,all,1,C
21,1600,2950,1600,2900,1600,2900,11,100,FR,all,1,C
22,1600,3800,1600,3800,1600,3800,11,100,FR,all,1,C
23,1600,3500,1600,3500,1600,3500,11,100,FR,all,1,C
24,1600,2800,1600,2800,1600,2800,11,100,FR,all,1,C
25,2700,3100,2700,3100,2700,3100,11,100,FR,all,1,C
26,1800,3600,1900,3500,1900,3500,11,100,FR,all,1,C
27,1700,2900,1800,2800,1800,2800,11,100,FR,all,1,C
28,2300,3400,2300,3400,2300,3400,11,100,FR,all,1,C
29,1600,2700,1600,2700,1600,2700,11,100,FR,all,1,C
30,1900,3000,1900,3000,1900,3000,11,100,FR,all,1,C
31,1600,3000,1600,3000,1600,3000,11,100,FR,all,1,C
1,1600,2900,2200,2900,2100,3000,12,100,FR,all,1,C
2,1700,3700,1800,3500,1800,3600,12,100,FR,all,1,C
3,1600,2800,1600,2800,1600,2800,12,100,FR,all,1,C
4,1800,3800,1900,3800,1900,3800,12,100,FR,all,1,C
5,1600,3700,1700,3700,1700,3700,12,100,FR,all,1,C
6,1700,3200,1900,3000,1900,3000,12,100,FR,all,1,C
7,2500,3800,2500,3800,2500,3800,12,100,FR,all,1,C
8,1600,3100,1600,3000,1600,3000,12,100,FR,all,1,C
9,1700,3400,1800,3400,1800,3400,12,100,FR,all,1,C
10,2900,2900,NA,NA,1600,3800,12,100,FR,all,1,C
11,1600,2800,1600,2700,1600,2700,12,100,FR,all,1,C
12,1600,3100,1600,3000,1600,3000,12,100,FR,all,1,C
13,1600,3200,1700,3200,1700,3200,12,100,FR,all,1,C
14,1600,2600,1600,2500,1600,2600,12,100,FR,all,1,C
15,1600,2800,1700,2800,1700,2800,12,100,FR,all,1,C
16,1800,2700,2000,2700,2000,2700,12,100,FR,all,1,C
17,2400,3400,2600,3400,2600,3400,12,100,FR,all,1,C
18,2600,3800,2700,3800,2700,3800,12,100,FR,all,1,C
19,1600,3500,1600,3500,1600,3500,12,100,FR,all,1,C
20,2600,2800,2700,2700,2700,2700,12,100,FR,all,1,C
21,1600,2950,1600,2900,1600,2900,12,100,FR,all,1,C
22,1600,3800,1600,3800,1600,3800,12,100,FR,all,1,C
23,1600,3500,1600,3300,1600,3300,12,100,FR,all,1,C
24,1600,2800,1600,2800,1600,2800,12,100,FR,all,1,C
25,2700,3100,2700,3100,2700,3100,12,100,FR,all,1,C
26,1800,3600,1900,3500,1900,3500,12,100,FR,all,1,C
27,1700,2900,1800,2800,1800,2800,12,100,FR,all,1,C
28,2300,3400,2300,3400,2300,3400,12,100,FR,all,1,C
29,1600,2700,1700,2200,1700,2200,12,100,FR,all,1,C
30,1900,3000,1900,2700,1900,2700,12,100,FR,all,1,C
31,1600,3000,1600,3000,1600,3000,12,100,FR,all,1,C
1,1600,2900,1800,2800,1700,2800,13,100,FR,all,1,C
2,1700,3700,1800,3500,1700,3600,13,100,FR,all,1,C
3,1600,2800,1600,2800,1600,2800,13,100,FR,all,1,C
4,1800,3800,1900,3800,1900,3800,13,100,FR,all,1,C
5,1600,3700,1700,3700,1700,3700,13,100,FR,all,1,C
6,1700,3200,1900,3000,1900,3000,13,100,FR,all,1,C
7,2500,3800,2500,3800,2500,3800,13,100,FR,all,1,C
8,1600,3100,1600,3000,1600,3000,13,100,FR,all,1,C
9,1700,3400,1800,3400,1800,3400,13,100,FR,all,1,C
10,2900,2900,NA,NA,1600,3800,13,100,FR,all,1,C
11,1600,2800,1600,2800,1600,2800,13,100,FR,all,1,C
12,1600,3100,1700,3000,1700,3000,13,100,FR,all,1,C
13,1600,3200,1600,3100,1600,3100,13,100,FR,all,1,C
14,1600,2600,1600,2500,1600,2600,13,100,FR,all,1,C
15,1600,2800,1700,2800,1700,2800,13,100,FR,all,1,C
16,1800,2700,2000,2700,2000,2700,13,100,FR,all,1,C
17,2400,3400,2600,3400,2600,3400,13,100,FR,all,1,C
18,2600,3800,2700,3800,2700,3800,13,100,FR,all,1,C
19,1600,3500,1600,3300,1600,3300,13,100,FR,all,1,C
20,2600,2800,2700,2700,2700,2700,13,100,FR,all,1,C
21,1600,2950,1600,2900,1600,2900,13,100,FR,all,1,C
22,1600,3800,1600,3800,1600,3800,13,100,FR,all,1,C
23,1600,3500,1600,3300,1600,3300,13,100,FR,all,1,C
24,1600,2800,1700,2800,1700,2800,13,100,FR,all,1,C
25,2700,3100,2700,3100,2600,3100,13,100,FR,all,1,C
26,1800,3600,1800,3500,1800,3500,13,100,FR,all,1,C
27,1700,2900,1800,2900,1800,2900,13,100,FR,all,1,C
28,2300,3400,2300,3400,2300,3400,13,100,FR,all,1,C
29,1600,2700,1700,2700,1600,2700,13,100,FR,all,1,C
30,1900,3000,1900,2700,1900,2700,13,100,FR,all,1,C
31,1600,3000,1600,2900,1600,2900,13,100,FR,all,1,C
1,1600,2900,1800,2800,1700,2900,14,100,FR,all,1,C
2,1700,3700,1800,3500,1700,3600,14,100,FR,all,1,C
3,1600,2800,1600,2800,1600,2800,14,100,FR,all,1,C
4,1800,3800,1900,3800,1900,3800,14,100,FR,all,1,C
5,1600,3700,1700,3700,1700,3700,14,100,FR,all,1,C
6,1700,3200,1900,3000,1900,3000,14,100,FR,all,1,C
7,2500,3800,2500,3800,2500,3800,14,100,FR,all,1,C
8,1600,3100,1600,3000,1600,3000,14,100,FR,all,1,C
9,1700,3400,1800,3400,1800,3400,14,100,FR,all,1,C
10,2900,2900,NA,NA,1600,3800,14,100,FR,all,1,C
11,1600,2800,1600,2800,1600,2800,14,100,FR,all,1,C
12,1600,3100,1600,3000,1600,3000,14,100,FR,all,1,C
13,1600,3200,1600,3200,1600,3200,14,100,FR,all,1,C
14,1600,2600,1700,2500,1700,2600,14,100,FR,all,1,C
15,1600,2800,1600,2800,1600,2800,14,100,FR,all,1,C
16,1800,2700,1900,2700,1900,2700,14,100,FR,all,1,C
17,2400,3400,2600,3400,2600,3400,14,100,FR,all,1,C
18,2600,3800,2700,3800,2700,3800,14,100,FR,all,1,C
19,1600,3500,1600,3300,1600,3300,14,100,FR,all,1,C
20,2600,2800,2700,2700,2700,2700,14,100,FR,all,1,C
21,1600,2950,1600,2900,1600,2900,14,100,FR,all,1,C
22,1600,3800,1600,3800,1600,3800,14,100,FR,all,1,C
23,1600,3500,1600,3300,1600,3300,14,100,FR,all,1,C
24,1600,2800,1700,2800,1700,2800,14,100,FR,all,1,C
25,2700,3100,2700,3100,2700,3100,14,100,FR,all,1,C
26,1800,3600,1900,3500,1900,3500,14,100,FR,all,1,C
27,1700,2900,1800,2900,1800,2900,14,100,FR,all,1,C
28,2300,3400,2300,3400,2300,3400,14,100,FR,all,1,C
29,1600,2700,1600,2700,1600,2700,14,100,FR,all,1,C
30,1900,3000,1900,3000,1900,3000,14,100,FR,all,1,C
31,1600,3000,1600,2900,1600,2900,14,100,FR,all,1,C
1,1600,2900,1800,2800,1800,2800,15,100,FR,all,1,C
2,1700,3700,1800,3400,1800,3400,15,100,FR,all,1,C
3,1600,2800,1600,2800,1600,2800,15,100,FR,all,1,C
4,1800,3800,1900,3800,1900,3800,15,100,FR,all,1,C
5,1600,3700,1600,3700,1600,3700,15,100,FR,all,1,C
6,1700,3200,1900,2900,1900,2900,15,100,FR,all,1,C
7,2500,3800,2500,3800,2500,3800,15,100,FR,all,1,C
8,1600,3100,1600,3000,1600,3000,15,100,FR,all,1,C
9,1700,3400,1800,3400,1800,3400,15,100,FR,all,1,C
10,2900,2900,NA,NA,1600,3800,15,100,FR,all,1,C
11,1600,2800,1600,2800,1600,2800,15,100,FR,all,1,C
12,1600,3100,1600,3000,1600,3000,15,100,FR,all,1,C
13,1600,3200,1700,3200,1700,3200,15,100,FR,all,1,C
14,1600,2600,1600,2500,1600,2500,15,100,FR,all,1,C
15,1600,2800,1600,2800,1600,2800,15,100,FR,all,1,C
16,1800,2700,1900,2700,1900,2700,15,100,FR,all,1,C
17,2400,3400,2800,3400,2800,3400,15,100,FR,all,1,C
18,2600,3800,2700,3800,2700,3800,15,100,FR,all,1,C
19,1600,3500,1600,3300,1600,3300,15,100,FR,all,1,C
20,2600,2800,2700,2700,2700,2700,15,100,FR,all,1,C
21,1600,2950,1600,2900,1600,2900,15,100,FR,all,1,C
22,1600,3800,1700,3800,1700,3800,15,100,FR,all,1,C
23,1600,3500,1600,3300,1600,3300,15,100,FR,all,1,C
24,1600,2800,1600,2800,1600,2800,15,100,FR,all,1,C
25,2700,3100,2700,3100,2600,3100,15,100,FR,all,1,C
26,1800,3600,1900,3500,1900,3500,15,100,FR,all,1,C
27,1700,2900,1800,2800,1800,2800,15,100,FR,all,1,C
28,2300,3400,2300,3400,2300,3400,15,100,FR,all,1,C
29,1600,2700,1700,2700,1700,2700,15,100,FR,all,1,C
30,1900,3000,1900,3000,1900,3000,15,100,FR,all,1,C
31,1600,3000,1600,2900,1600,2900,15,100,FR,all,1,C
1,1600,2900,1800,2800,1800,2800,16,100,FR,all,1,C
2,1700,3700,1800,3500,1800,3600,16,100,FR,all,1,C
3,1600,2800,1600,2800,1600,2800,16,100,FR,all,1,C
4,1800,3800,1900,3800,1900,3800,16,100,FR,all,1,C
5,1600,3700,1600,3700,1600,3700,16,100,FR,all,1,C
6,1700,3200,1900,2900,1900,2900,16,100,FR,all,1,C
7,2500,3800,2500,3800,2500,3800,16,100,FR,all,1,C
8,1600,3100,1600,3000,1600,3000,16,100,FR,all,1,C
9,1700,3400,1800,3400,1800,3400,16,100,FR,all,1,C
10,2900,2900,NA,NA,1600,3800,16,100,FR,all,1,C
11,1600,2800,1700,2800,1700,2800,16,100,FR,all,1,C
12,1600,3100,1600,3000,1600,3000,16,100,FR,all,1,C
13,1600,3200,1600,3200,1600,3200,16,100,FR,all,1,C
14,1600,2600,1600,2300,1600,2300,16,100,FR,all,1,C
15,1600,2800,1600,2800,1600,2800,16,100,FR,all,1,C
16,1800,2700,2000,2700,2000,2700,16,100,FR,all,1,C
17,2400,3400,2800,3400,2800,3400,16,100,FR,all,1,C
18,2600,3800,2600,3800,2600,3800,16,100,FR,all,1,C
19,1600,3500,1600,3300,1600,3300,16,100,FR,all,1,C
20,2600,2800,2700,2700,2700,2700,16,100,FR,all,1,C
21,1600,2950,1700,2900,1700,2900,16,100,FR,all,1,C
22,1600,3800,1600,3800,1600,3800,16,100,FR,all,1,C
23,1600,3500,1600,3300,1600,3300,16,100,FR,all,1,C
24,1600,2800,1600,2800,1600,2800,16,100,FR,all,1,C
25,2700,3100,2700,2900,2700,2900,16,100,FR,all,1,C
26,1800,3600,1900,3500,1900,3500,16,100,FR,all,1,C
27,1700,2900,1800,2900,1800,2900,16,100,FR,all,1,C
28,2300,3400,2300,3400,2300,3400,16,100,FR,all,1,C
29,1600,2700,1700,2300,1600,2400,16,100,FR,all,1,C
30,1900,3000,1900,3000,1900,3000,16,100,FR,all,1,C
31,1600,3000,1600,3000,1600,3000,16,100,FR,all,1,C
1,1600,2900,1800,2800,1800,2800,17,100,FR,all,1,C
2,1700,3700,1800,3500,1800,3500,17,100,FR,all,1,C
3,1600,2800,1600,2800,1600,2800,17,100,FR,all,1,C
4,1800,3800,1900,3700,1900,3700,17,100,FR,all,1,C
5,1600,3700,1700,3700,1700,3700,17,100,FR,all,1,C
6,1700,3200,1900,3000,1900,3000,17,100,FR,all,1,C
7,2500,3800,2500,3800,2500,3800,17,100,FR,all,1,C
8,1600,3100,1600,3000,1600,3000,17,100,FR,all,1,C
9,1700,3400,1800,3400,1800,3400,17,100,FR,all,1,C
10,2900,2900,NA,NA,1600,3800,17,100,FR,all,1,C
11,1600,2800,1700,2800,1700,2800,17,100,FR,all,1,C
12,1600,3100,1600,3000,1600,3000,17,100,FR,all,1,C
13,1600,3200,1600,3200,1600,3200,17,100,FR,all,1,C
14,1600,2600,1600,2500,1600,2600,17,100,FR,all,1,C
15,1600,2800,1700,2800,1700,2800,17,100,FR,all,1,C
16,1800,2700,1900,2700,1900,2700,17,100,FR,all,1,C
17,2400,3400,2800,3400,2800,3400,17,100,FR,all,1,C
18,2600,3800,2600,3800,2600,3800,17,100,FR,all,1,C
19,1600,3500,1600,3300,1600,3300,17,100,FR,all,1,C
20,2600,2800,2700,2700,2700,2700,17,100,FR,all,1,C
21,1600,2950,1600,2900,1600,2900,17,100,FR,all,1,C
22,1600,3800,1600,3800,1600,3800,17,100,FR,all,1,C
23,1600,3500,1600,3300,1600,3300,17,100,FR,all,1,C
24,1600,2800,1600,2800,1600,2800,17,100,FR,all,1,C
25,2700,3100,2700,3100,2700,3100,17,100,FR,all,1,C
26,1800,3600,1800,3500,1800,3500,17,100,FR,all,1,C
27,1700,2900,1800,2800,1800,2800,17,100,FR,all,1,C
28,2300,3400,2300,3400,2300,3400,17,100,FR,all,1,C
29,1600,2700,1700,2500,1600,2600,17,100,FR,all,1,C
30,1900,3000,1900,3000,1900,3000,17,100,FR,all,1,C
31,1600,3000,1600,3000,1600,3000,17,100,FR,all,1,C
1,1600,2900,1600,2300,1600,2300,18,100,FR,all,1,C
2,1700,3700,1800,3500,1800,3600,18,100,FR,all,1,C
3,1600,2800,1600,2800,1600,2800,18,100,FR,all,1,C
4,1800,3800,1900,3800,1900,3800,18,100,FR,all,1,C
5,1600,3700,1700,3700,1700,3700,18,100,FR,all,1,C
6,1700,3200,1900,3000,1900,3000,18,100,FR,all,1,C
7,2500,3800,2500,3800,2500,3800,18,100,FR,all,1,C
8,1600,3100,1600,3000,1600,3000,18,100,FR,all,1,C
9,1700,3400,1800,3400,1800,3400,18,100,FR,all,1,C
10,2900,2900,NA,NA,1600,3800,18,100,FR,all,1,C
11,1600,2800,1600,2700,1600,2700,18,100,FR,all,1,C
12,1600,3100,1600,3000,1600,3000,18,100,FR,all,1,C
13,1600,3200,1600,3100,1600,3100,18,100,FR,all,1,C
14,1600,2600,1800,2500,1800,2500,18,100,FR,all,1,C
15,1600,2800,1600,2800,1600,2800,18,100,FR,all,1,C
16,1800,2700,1900,2700,1900,2700,18,100,FR,all,1,C
17,2400,3400,2500,3400,2500,3400,18,100,FR,all,1,C
18,2600,3800,2700,3800,2700,3800,18,100,FR,all,1,C
19,1600,3500,1600,3400,1600,3400,18,100,FR,all,1,C
20,2600,2800,2700,2700,2700,2700,18,100,FR,all,1,C
21,1600,2950,1600,2900,1600,2900,18,100,FR,all,1,C
22,1600,3800,1600,3800,1600,3800,18,100,FR,all,1,C
23,1600,3500,1600,3300,1600,3300,18,100,FR,all,1,C
24,1600,2800,1600,2800,1600,2800,18,100,FR,all,1,C
25,2700,3100,2700,3100,2700,3100,18,100,FR,all,1,C
26,1800,3600,1900,3500,1900,3500,18,100,FR,all,1,C
27,1700,2900,1800,2900,1800,2900,18,100,FR,all,1,C
28,2300,3400,2300,3400,2300,3400,18,100,FR,all,1,C
29,1600,2700,1700,2500,1700,2600,18,100,FR,all,1,C
30,1900,3000,1900,3000,1900,3000,18,100,FR,all,1,C
31,1600,3000,1600,2900,1600,2900,18,100,FR,all,1,C
1,1600,2900,1600,2800,1600,2800,19,100,FR,all,1,C
2,1700,3700,1800,3500,1700,3600,19,100,FR,all,1,C
3,1600,2800,1600,2800,1600,2800,19,100,FR,all,1,C
4,1800,3800,1900,3800,1900,3800,19,100,FR,all,1,C
5,1600,3700,1600,3700,1600,3700,19,100,FR,all,1,C
6,1700,3200,2000,3000,2000,3000,19,100,FR,all,1,C
7,2500,3800,2500,3800,2500,3800,19,100,FR,all,1,C
8,1600,3100,1600,3000,1600,3000,19,100,FR,all,1,C
9,1700,3400,1800,3400,1800,3400,19,100,FR,all,1,C
10,2900,2900,NA,NA,1600,3800,19,100,FR,all,1,C
11,1600,2800,1600,2800,1600,2800,19,100,FR,all,1,C
12,1600,3100,1600,3000,1600,3000,19,100,FR,all,1,C
13,1600,3200,1600,3100,1600,3100,19,100,FR,all,1,C
14,1600,2600,1700,2500,1700,2500,19,100,FR,all,1,C
15,1600,2800,1700,2800,1700,2800,19,100,FR,all,1,C
16,1800,2700,1900,2700,1900,2700,19,100,FR,all,1,C
17,2400,3400,2800,3400,2800,3400,19,100,FR,all,1,C
18,2600,3800,2700,3800,2700,3800,19,100,FR,all,1,C
19,1600,3500,1600,3300,1600,3300,19,100,FR,all,1,C
20,2600,2800,2700,2700,2700,2700,19,100,FR,all,1,C
21,1600,2950,1600,2900,1600,2900,19,100,FR,all,1,C
22,1600,3800,1600,3800,1600,3800,19,100,FR,all,1,C
23,1600,3500,1600,3300,1600,3300,19,100,FR,all,1,C
24,1600,2800,1600,2800,1600,2800,19,100,FR,all,1,C
25,2700,3100,2700,3100,2700,3100,19,100,FR,all,1,C
26,1800,3600,1900,3500,1900,3500,19,100,FR,all,1,C
27,1700,2900,1700,2900,1700,2900,19,100,FR,all,1,C
28,2300,3400,2300,3400,2300,3400,19,100,FR,all,1,C
29,1600,2700,1700,2500,1700,2600,19,100,FR,all,1,C
30,1900,3000,1900,3000,1900,3000,19,100,FR,all,1,C
31,1600,3000,1600,3000,1600,3000,19,100,FR,all,1,C
1,1600,2900,1800,2800,1700,2800,20,100,FR,all,1,C
2,1700,3700,1800,3500,1700,3600,20,100,FR,all,1,C
3,1600,2800,1600,2800,1600,2800,20,100,FR,all,1,C
4,1800,3800,1900,3800,1900,3800,20,100,FR,all,1,C
5,1600,3700,1600,3700,1600,3800,20,100,FR,all,1,C
6,1700,3200,1900,3000,1900,3000,20,100,FR,all,1,C
7,2500,3800,2500,3800,2500,3800,20,100,FR,all,1,C
8,1600,3100,1600,3000,1600,3000,20,100,FR,all,1,C
9,1700,3400,1700,3400,1700,3400,20,100,FR,all,1,C
10,2900,2900,NA,NA,1600,3800,20,100,FR,all,1,C
11,1600,2800,1600,2700,1600,2700,20,100,FR,all,1,C
12,1600,3100,1600,3000,1600,3000,20,100,FR,all,1,C
13,1600,3200,1600,3200,1600,3200,20,100,FR,all,1,C
14,1600,2600,1600,2500,1600,2600,20,100,FR,all,1,C
15,1600,2800,1700,2800,1600,2800,20,100,FR,all,1,C
16,1800,2700,2000,2600,2000,2600,20,100,FR,all,1,C
17,2400,3400,2800,3400,2800,3400,20,100,FR,all,1,C
18,2600,3800,2600,3800,2600,3800,20,100,FR,all,1,C
19,1600,3500,1600,3300,1600,3300,20,100,FR,all,1,C
20,2600,2800,2700,2700,2600,2700,20,100,FR,all,1,C
21,1600,2950,1600,2900,1600,2900,20,100,FR,all,1,C
22,1600,3800,1600,3800,1600,3800,20,100,FR,all,1,C
23,1600,3500,1600,3500,1600,3600,20,100,FR,all,1,C
24,1600,2800,1700,2800,1700,2800,20,100,FR,all,1,C
25,2700,3100,2700,3100,2700,3100,20,100,FR,all,1,C
26,1800,3600,1900,3500,1900,3500,20,100,FR,all,1,C
27,1700,2900,1800,2800,1800,2800,20,100,FR,all,1,C
28,2300,3400,2300,3400,2300,3400,20,100,FR,all,1,C
29,1600,2700,1600,2600,1600,2700,20,100,FR,all,1,C
30,1900,3000,1900,3000,1900,3000,20,100,FR,all,1,C
31,1600,3000,1600,3000,1600,3000,20,100,FR,all,1,C
1,1600,2900,1600,2800,1600,2900,21,100,FR,all,1,C
2,1700,3700,1900,3500,1900,3600,21,100,FR,all,1,C
3,1600,2800,1600,2800,1600,2800,21,100,FR,all,1,C
4,1800,3800,1900,3800,1900,3800,21,100,FR,all,1,C
5,1600,3700,1700,3700,1700,3700,21,100,FR,all,1,C
6,1700,3200,1900,3000,1900,3000,21,100,FR,all,1,C
7,2500,3800,2500,3800,2500,3800,21,100,FR,all,1,C
8,1600,3100,1600,3000,1600,3000,21,100,FR,all,1,C
9,1700,3400,1800,3400,1800,3400,21,100,FR,all,1,C
10,2900,2900,NA,NA,1600,3800,21,100,FR,all,1,C
11,1600,2800,1600,2800,1600,2800,21,100,FR,all,1,C
12,1600,3100,1700,3000,1700,3000,21,100,FR,all,1,C
13,1600,3200,1600,3200,1600,3200,21,100,FR,all,1,C
14,1600,2600,1700,2500,1700,2600,21,100,FR,all,1,C
15,1600,2800,1600,2800,1600,2800,21,100,FR,all,1,C
16,1800,2700,2000,2700,2000,2700,21,100,FR,all,1,C
17,2400,3400,2800,3400,2800,3400,21,100,FR,all,1,C
18,2600,3800,2700,3800,2700,3800,21,100,FR,all,1,C
19,1600,3500,1600,3400,1600,3400,21,100,FR,all,1,C
20,2600,2800,2700,2700,2700,2700,21,100,FR,all,1,C
21,1600,2950,1600,2900,1600,2900,21,100,FR,all,1,C
22,1600,3800,1600,3800,1600,3800,21,100,FR,all,1,C
23,1600,3500,1600,3300,1600,3300,21,100,FR,all,1,C
24,1600,2800,1600,2800,1600,2800,21,100,FR,all,1,C
25,2700,3100,2700,3100,2700,3100,21,100,FR,all,1,C
26,1800,3600,1900,3500,1900,3500,21,100,FR,all,1,C
27,1700,2900,1800,2800,1800,2800,21,100,FR,all,1,C
28,2300,3400,2300,3400,2300,3400,21,100,FR,all,1,C
29,1600,2700,1600,2500,1600,2600,21,100,FR,all,1,C
30,1900,3000,1900,2700,1900,2700,21,100,FR,all,1,C
31,1600,3000,1600,3000,1600,3000,21,100,FR,all,1,C
1,1600,2900,1600,2800,1600,2800,22,100,FR,all,1,C
2,1700,3700,1800,3500,1800,3600,22,100,FR,all,1,C
3,1600,2800,1600,2800,1600,2800,22,100,FR,all,1,C
4,1800,3800,1900,3700,1900,3700,22,100,FR,all,1,C
5,1600,3700,1600,3700,1600,3700,22,100,FR,all,1,C
6,1700,3200,2000,3000,2000,3000,22,100,FR,all,1,C
7,2500,3800,2600,3800,2600,3800,22,100,FR,all,1,C
8,1600,3100,1600,3000,1600,3000,22,100,FR,all,1,C
9,1700,3400,1800,3400,1800,3400,22,100,FR,all,1,C
10,2900,2900,NA,NA,1600,3800,22,100,FR,all,1,C
11,1600,2800,1600,2800,1600,2800,22,100,FR,all,1,C
12,1600,3100,1600,3000,1600,3000,22,100,FR,all,1,C
13,1600,3200,1600,3100,1600,3100,22,100,FR,all,1,C
14,1600,2600,1700,2500,1700,2500,22,100,FR,all,1,C
15,1600,2800,1600,2800,1600,2800,22,100,FR,all,1,C
16,1800,2700,2000,2600,2000,2600,22,100,FR,all,1,C
17,2400,3400,2600,3400,2600,3400,22,100,FR,all,1,C
18,2600,3800,2700,3800,2700,3800,22,100,FR,all,1,C
19,1600,3500,1600,3400,1600,3400,22,100,FR,all,1,C
20,2600,2800,2700,2800,2700,2800,22,100,FR,all,1,C
21,1600,2950,1600,2900,1600,2900,22,100,FR,all,1,C
22,1600,3800,1700,3800,1700,3800,22,100,FR,all,1,C
23,1600,3500,1700,3300,1700,3300,22,100,FR,all,1,C
24,1600,2800,1600,2800,1600,2800,22,100,FR,all,1,C
25,2700,3100,2700,3100,2700,3100,22,100,FR,all,1,C
26,1800,3600,1900,3500,1900,3500,22,100,FR,all,1,C
27,1700,2900,1800,2900,1800,2900,22,100,FR,all,1,C
28,2300,3400,2300,3400,2300,3400,22,100,FR,all,1,C
29,1600,2700,1800,2700,1700,2800,22,100,FR,all,1,C
30,1900,3000,1900,2700,1900,2700,22,100,FR,all,1,C
31,1600,3000,1600,3000,1600,3000,22,100,FR,all,1,C
1,1600,2900,1800,2800,1700,2800,23,100,FR,all,1,C
2,1700,3700,1800,3500,1800,3600,23,100,FR,all,1,C
3,1600,2800,1600,2800,1600,2800,23,100,FR,all,1,C
4,1800,3800,1900,3800,1900,3800,23,100,FR,all,1,C
5,1600,3700,1700,3700,1700,3700,23,100,FR,all,1,C
6,1700,3200,1900,3000,1900,3000,23,100,FR,all,1,C
7,2500,3800,2500,3800,2500,3800,23,100,FR,all,1,C
8,1600,3100,1600,3000,1600,3000,23,100,FR,all,1,C
9,1700,3400,1800,3400,1800,3400,23,100,FR,all,1,C
10,2900,2900,NA,NA,1600,3800,23,100,FR,all,1,C
11,1600,2800,1700,2700,1700,2700,23,100,FR,all,1,C
12,1600,3100,1600,3000,1600,3000,23,100,FR,all,1,C
13,1600,3200,1600,3200,1600,3200,23,100,FR,all,1,C
14,1600,2600,1600,2500,1600,2500,23,100,FR,all,1,C
15,1600,2800,1600,2800,1600,2800,23,100,FR,all,1,C
16,1800,2700,2000,2700,2000,2700,23,100,FR,all,1,C
17,2400,3400,2500,3400,2500,3400,23,100,FR,all,1,C
18,2600,3800,2700,3800,2700,3800,23,100,FR,all,1,C
19,1600,3500,1600,3400,1600,3400,23,100,FR,all,1,C
20,2600,2800,2700,2700,2700,2700,23,100,FR,all,1,C
21,1600,2950,1600,2900,1600,2900,23,100,FR,all,1,C
22,1600,3800,1700,3800,1700,3800,23,100,FR,all,1,C
23,1600,3500,1600,3300,1600,3300,23,100,FR,all,1,C
24,1600,2800,1600,2800,1600,2800,23,100,FR,all,1,C
25,2700,3100,2700,2900,2700,2900,23,100,FR,all,1,C
26,1800,3600,1900,3500,1900,3500,23,100,FR,all,1,C
27,1700,2900,1800,2800,1800,2800,23,100,FR,all,1,C
28,2300,3400,2300,3400,2300,3400,23,100,FR,all,1,C
29,1600,2700,1700,2700,1700,2700,23,100,FR,all,1,C
30,1900,3000,1900,2700,1900,2700,23,100,FR,all,1,C
31,1600,3000,1600,2900,1600,2900,23,100,FR,all,1,C
1,1600,2900,1800,2800,1800,2800,24,100,FR,all,1,C
2,1700,3700,1800,3600,1800,3600,24,100,FR,all,1,C
3,1600,2800,1600,2800,1600,2800,24,100,FR,all,1,C
4,1800,3800,1900,3700,1900,3700,24,100,FR,all,1,C
5,1600,3700,1700,3700,1700,3700,24,100,FR,all,1,C
6,1700,3200,1900,3000,1900,3000,24,100,FR,all,1,C
7,2500,3800,2500,3800,2500,3800,24,100,FR,all,1,C
8,1600,3100,1600,3000,1600,3000,24,100,FR,all,1,C
9,1700,3400,1800,3400,1800,3400,24,100,FR,all,1,C
10,2900,2900,NA,NA,1600,3800,24,100,FR,all,1,C
11,1600,2800,1600,2500,1600,2500,24,100,FR,all,1,C
12,1600,3100,1600,3000,1600,3000,24,100,FR,all,1,C
13,1600,3200,1600,3100,1600,3100,24,100,FR,all,1,C
14,1600,2600,1600,2500,1600,2600,24,100,FR,all,1,C
15,1600,2800,1600,2800,1600,2800,24,100,FR,all,1,C
16,1800,2700,2000,2700,2000,2700,24,100,FR,all,1,C
17,2400,3400,2700,3400,2700,3400,24,100,FR,all,1,C
18,2600,3800,2600,3800,2600,3800,24,100,FR,all,1,C
19,1600,3500,1600,3300,1600,3300,24,100,FR,all,1,C
20,2600,2800,2700,2700,2700,2700,24,100,FR,all,1,C
21,1600,2950,1600,2900,1600,2900,24,100,FR,all,1,C
22,1600,3800,1600,3800,1600,3800,24,100,FR,all,1,C
23,1600,3500,1600,3500,1600,3500,24,100,FR,all,1,C
24,1600,2800,1700,2800,1700,2800,24,100,FR,all,1,C
25,2700,3100,2700,3100,2700,3100,24,100,FR,all,1,C
26,1800,3600,1800,3500,1800,3500,24,100,FR,all,1,C
27,1700,2900,1800,2900,1800,2900,24,100,FR,all,1,C
28,2300,3400,2300,3400,2300,3400,24,100,FR,all,1,C
29,1600,2700,1700,2700,1700,2700,24,100,FR,all,1,C
30,1900,3000,1900,3000,1900,3000,24,100,FR,all,1,C
31,1600,3000,1600,3000,1600,3000,24,100,FR,all,1,C
1,1600,2900,1700,2800,1600,2800,25,100,FR,all,1,C
2,1700,3700,1800,3500,1700,3600,25,100,FR,all,1,C
3,1600,2800,1600,2800,1600,2800,25,100,FR,all,1,C
4,1800,3800,1900,3800,1900,3800,25,100,FR,all,1,C
5,1600,3700,1600,3700,1600,3700,25,100,FR,all,1,C
6,1700,3200,1900,3000,1900,3000,25,100,FR,all,1,C
7,2500,3800,2500,3800,2500,3800,25,100,FR,all,1,C
8,1600,3100,1600,3000,1600,3000,25,100,FR,all,1,C
9,1700,3400,1800,3400,1800,3400,25,100,FR,all,1,C
10,2900,2900,NA,NA,1600,3800,25,100,FR,all,1,C
11,1600,2800,1600,2700,1600,2700,25,100,FR,all,1,C
12,1600,3100,1700,3000,1700,3000,25,100,FR,all,1,C
13,1600,3200,1600,3100,1600,3100,25,100,FR,all,1,C
14,1600,2600,1700,2500,1700,2600,25,100,FR,all,1,C
15,1600,2800,1600,2800,1600,2800,25,100,FR,all,1,C
16,1800,2700,1900,2700,1900,2700,25,100,FR,all,1,C
17,2400,3400,2700,3400,2700,3400,25,100,FR,all,1,C
18,2600,3800,2700,3800,2700,3800,25,100,FR,all,1,C
19,1600,3500,1700,3300,1700,3300,25,100,FR,all,1,C
20,2600,2800,2700,2700,2700,2700,25,100,FR,all,1,C
21,1600,2950,1700,2900,1700,2900,25,100,FR,all,1,C
22,1600,3800,1600,3800,1600,3800,25,100,FR,all,1,C
23,1600,3500,1600,3300,1600,3300,25,100,FR,all,1,C
24,1600,2800,1600,2800,1600,2800,25,100,FR,all,1,C
25,2700,3100,2700,3100,2700,3100,25,100,FR,all,1,C
26,1800,3600,1900,3500,1900,3500,25,100,FR,all,1,C
27,1700,2900,1800,2900,1800,2900,25,100,FR,all,1,C
28,2300,3400,2300,3400,2300,3400,25,100,FR,all,1,C
29,1600,2700,1700,2700,1700,2700,25,100,FR,all,1,C
30,1900,3000,1900,3000,1900,3000,25,100,FR,all,1,C
31,1600,3000,1600,3000,1600,3000,25,100,FR,all,1,C
1,1600,2900,1700,2800,1700,2800,26,100,FR,all,1,C
2,1700,3700,1800,3400,1700,3400,26,100,FR,all,1,C
3,1600,2800,1600,2800,1600,2800,26,100,FR,all,1,C
4,1800,3800,1900,3800,1900,3800,26,100,FR,all,1,C
5,1600,3700,1600,3700,1600,3700,26,100,FR,all,1,C
6,1700,3200,1900,3000,1900,3000,26,100,FR,all,1,C
7,2500,3800,2500,3800,2500,3800,26,100,FR,all,1,C
8,1600,3100,1600,3000,1600,3000,26,100,FR,all,1,C
9,1700,3400,1800,3400,1800,3400,26,100,FR,all,1,C
10,2900,2900,NA,NA,1600,3800,26,100,FR,all,1,C
11,1600,2800,1600,2800,1600,2800,26,100,FR,all,1,C
12,1600,3100,1700,3000,1700,3000,26,100,FR,all,1,C
13,1600,3200,1700,3200,1700,3200,26,100,FR,all,1,C
14,1600,2600,1700,2500,1700,2500,26,100,FR,all,1,C
15,1600,2800,1700,2800,1700,2800,26,100,FR,all,1,C
16,1800,2700,1900,2700,1900,2700,26,100,FR,all,1,C
17,2400,3400,2600,3400,2600,3400,26,100,FR,all,1,C
18,2600,3800,2700,3800,2700,3800,26,100,FR,all,1,C
19,1600,3500,1600,3300,1600,3300,26,100,FR,all,1,C
20,2600,2800,2700,2700,2700,2700,26,100,FR,all,1,C
21,1600,2950,1600,2900,1600,2900,26,100,FR,all,1,C
22,1600,3800,1600,3800,1600,3800,26,100,FR,all,1,C
23,1600,3500,1700,3500,1700,3500,26,100,FR,all,1,C
24,1600,2800,1600,2800,1600,2800,26,100,FR,all,1,C
25,2700,3100,2800,3100,2800,3100,26,100,FR,all,1,C
26,1800,3600,1900,3500,1900,3500,26,100,FR,all,1,C
27,1700,2900,1800,2900,1800,2900,26,100,FR,all,1,C
28,2300,3400,2300,3400,2300,3400,26,100,FR,all,1,C
29,1600,2700,1800,2000,1800,2000,26,100,FR,all,1,C
30,1900,3000,1900,3000,1900,3000,26,100,FR,all,1,C
31,1600,3000,1600,2900,1600,2900,26,100,FR,all,1,C
1,1600,2900,1700,2800,1600,2900,27,100,FR,all,1,C
2,1700,3700,1800,3500,1700,3600,27,100,FR,all,1,C
3,1600,2800,1600,2800,1600,2800,27,100,FR,all,1,C
4,1800,3800,1900,3800,1900,3800,27,100,FR,all,1,C
5,1600,3700,1600,3700,1600,3700,27,100,FR,all,1,C
6,1700,3200,1900,3000,1900,3000,27,100,FR,all,1,C
7,2500,3800,2500,3800,2500,3800,27,100,FR,all,1,C
8,1600,3100,1600,3000,1600,3000,27,100,FR,all,1,C
9,1700,3400,1800,3400,1800,3400,27,100,FR,all,1,C
10,2900,2900,NA,NA,1600,3800,27,100,FR,all,1,C
11,1600,2800,1600,2700,1600,2700,27,100,FR,all,1,C
12,1600,3100,1600,3000,1600,3000,27,100,FR,all,1,C
13,1600,3200,1600,3200,1600,3200,27,100,FR,all,1,C
14,1600,2600,1700,2500,1700,2600,27,100,FR,all,1,C
15,1600,2800,1600,2800,1600,2800,27,100,FR,all,1,C
16,1800,2700,2000,2700,2000,2700,27,100,FR,all,1,C
17,2400,3400,2600,3400,2600,3400,27,100,FR,all,1,C
18,2600,3800,2600,3800,2600,3800,27,100,FR,all,1,C
19,1600,3500,1600,3400,1600,3400,27,100,FR,all,1,C
20,2600,2800,2700,2700,2700,2700,27,100,FR,all,1,C
21,1600,2950,1600,2900,1600,2900,27,100,FR,all,1,C
22,1600,3800,1600,3800,1600,3800,27,100,FR,all,1,C
23,1600,3500,1600,3300,1600,3300,27,100,FR,all,1,C
24,1600,2800,1600,2800,1600,2800,27,100,FR,all,1,C
25,2700,3100,2700,3100,2700,3100,27,100,FR,all,1,C
26,1800,3600,1800,3500,1800,3500,27,100,FR,all,1,C
27,1700,2900,1800,2800,1800,2800,27,100,FR,all,1,C
28,2300,3400,2300,3400,2300,3400,27,100,FR,all,1,C
29,1600,2700,1800,2400,1800,2400,27,100,FR,all,1,C
30,1900,3000,1900,2700,1900,2700,27,100,FR,all,1,C
31,1600,3000,1600,3000,1600,3000,27,100,FR,all,1,C
1,1600,2900,1700,2800,1700,2800,28,100,FR,all,1,C
2,1700,3700,1800,3500,1700,3600,28,100,FR,all,1,C
3,1600,2800,1600,2800,1600,2800,28,100,FR,all,1,C
4,1800,3800,1900,3800,1900,3800,28,100,FR,all,1,C
5,1600,3700,1700,3700,1700,3700,28,100,FR,all,1,C
6,1700,3200,1900,3000,1900,3000,28,100,FR,all,1,C
7,2500,3800,2500,3800,2500,3800,28,100,FR,all,1,C
8,1600,3100,1600,3000,1600,3000,28,100,FR,all,1,C
9,1700,3400,1800,3400,1800,3400,28,100,FR,all,1,C
10,2900,2900,NA,NA,1600,3800,28,100,FR,all,1,C
11,1600,2800,1700,2800,1700,2800,28,100,FR,all,1,C
12,1600,3100,1600,3000,1600,3000,28,100,FR,all,1,C
13,1600,3200,1600,3100,1600,3100,28,100,FR,all,1,C
14,1600,2600,1600,2500,1600,2500,28,100,FR,all,1,C
15,1600,2800,1700,2800,1700,2800,28,100,FR,all,1,C
16,1800,2700,1900,2700,1900,2700,28,100,FR,all,1,C
17,2400,3400,2700,3400,2700,3400,28,100,FR,all,1,C
18,2600,3800,2700,3800,2700,3800,28,100,FR,all,1,C
19,1600,3500,1600,3300,1600,3300,28,100,FR,all,1,C
20,2600,2800,2700,2700,2700,2700,28,100,FR,all,1,C
21,1600,2950,1600,2900,1600,2900,28,100,FR,all,1,C
22,1600,3800,1600,3800,1600,3800,28,100,FR,all,1,C
23,1600,3500,1600,3300,1600,3300,28,100,FR,all,1,C
24,1600,2800,1600,2800,1600,2800,28,100,FR,all,1,C
25,2700,3100,2800,3100,2800,3100,28,100,FR,all,1,C
26,1800,3600,2000,3500,2000,3500,28,100,FR,all,1,C
27,1700,2900,1800,2900,1800,2900,28,100,FR,all,1,C
28,2300,3400,2300,3400,2300,3400,28,100,FR,all,1,C
29,1600,2700,1700,2700,1700,2700,28,100,FR,all,1,C
30,1900,3000,1900,2700,1900,2700,28,100,FR,all,1,C
31,1600,3000,1600,3000,1600,3000,28,100,FR,all,1,C
1,1600,2900,1800,2800,1700,2800,29,100,FR,all,1,C
2,1700,3700,1800,3500,1700,3600,29,100,FR,all,1,C
3,1600,2800,1600,2800,1600,2800,29,100,FR,all,1,C
4,1800,3800,1900,3800,1900,3800,29,100,FR,all,1,C
5,1600,3700,1700,3700,1700,3700,29,100,FR,all,1,C
6,1700,3200,1900,2900,1900,2900,29,100,FR,all,1,C
7,2500,3800,2500,3800,2500,3800,29,100,FR,all,1,C
8,1600,3100,1600,3000,1600,3000,29,100,FR,all,1,C
9,1700,3400,1800,3400,1800,3400,29,100,FR,all,1,C
10,2900,2900,NA,NA,1600,3800,29,100,FR,all,1,C
11,1600,2800,1700,2800,1700,2800,29,100,FR,all,1,C
12,1600,3100,1600,3000,1600,3000,29,100,FR,all,1,C
13,1600,3200,1600,3200,1600,3200,29,100,FR,all,1,C
14,1600,2600,1600,2500,1600,2500,29,100,FR,all,1,C
15,1600,2800,1700,2800,1700,2800,29,100,FR,all,1,C
16,1800,2700,1900,2700,1900,2700,29,100,FR,all,1,C
17,2400,3400,2800,3400,2800,3400,29,100,FR,all,1,C
18,2600,3800,2700,3800,2700,3800,29,100,FR,all,1,C
19,1600,3500,1600,3300,1600,3300,29,100,FR,all,1,C
20,2600,2800,NA,NA,1600,3800,29,100,FR,all,1,C
21,1600,2950,1600,2900,1600,2900,29,100,FR,all,1,C
22,1600,3800,1600,3800,1600,3800,29,100,FR,all,1,C
23,1600,3500,1600,3500,1600,3500,29,100,FR,all,1,C
24,1600,2800,1600,2800,1600,2800,29,100,FR,all,1,C
25,2700,3100,2800,3100,2800,3100,29,100,FR,all,1,C
26,1800,3600,1900,3500,1900,3500,29,100,FR,all,1,C
27,1700,2900,1800,2900,1800,2900,29,100,FR,all,1,C
28,2300,3400,2300,3400,2300,3400,29,100,FR,all,1,C
29,1600,2700,1700,2700,1700,2700,29,100,FR,all,1,C
30,1900,3000,1900,3000,1900,3000,29,100,FR,all,1,C
31,1600,3000,1600,2900,1600,2900,29,100,FR,all,1,C
1,1600,2900,1700,2900,1600,2900,30,100,FR,all,1,C
2,1700,3700,1800,3500,1800,3500,30,100,FR,all,1,C
3,1600,2800,1600,2800,1600,2800,30,100,FR,all,1,C
4,1800,3800,1900,3700,1900,3700,30,100,FR,all,1,C
5,1600,3700,1600,3700,1600,3700,30,100,FR,all,1,C
6,1700,3200,1900,3000,1900,3000,30,100,FR,all,1,C
7,2500,3800,2500,3800,2500,3800,30,100,FR,all,1,C
8,1600,3100,1600,3000,1600,3000,30,100,FR,all,1,C
9,1700,3400,1800,3400,1800,3400,30,100,FR,all,1,C
10,2900,2900,NA,NA,1600,3800,30,100,FR,all,1,C
11,1600,2800,1600,2700,1600,2700,30,100,FR,all,1,C
12,1600,3100,1600,3000,1600,3000,30,100,FR,all,1,C
13,1600,3200,1700,3100,1700,3100,30,100,FR,all,1,C
14,1600,2600,1700,2500,1700,2500,30,100,FR,all,1,C
15,1600,2800,1700,2800,1700,2800,30,100,FR,all,1,C
16,1800,2700,1900,2700,1900,2700,30,100,FR,all,1,C
17,2400,3400,2800,3400,2800,3400,30,100,FR,all,1,C
18,2600,3800,2700,3800,2700,3800,30,100,FR,all,1,C
19,1600,3500,1600,3300,1600,3300,30,100,FR,all,1,C
20,2600,2800,NA,NA,1600,3800,30,100,FR,all,1,C
21,1600,2950,1600,2900,1600,2900,30,100,FR,all,1,C
22,1600,3800,1600,3800,1600,3800,30,100,FR,all,1,C
23,1600,3500,1600,3500,1600,3500,30,100,FR,all,1,C
24,1600,2800,1600,2800,1600,2800,30,100,FR,all,1,C
25,2700,3100,2700,3100,2700,3100,30,100,FR,all,1,C
26,1800,3600,1900,3500,1900,3500,30,100,FR,all,1,C
27,1700,2900,1800,2800,1800,2800,30,100,FR,all,1,C
28,2300,3400,2300,3400,2300,3400,30,100,FR,all,1,C
29,1600,2700,1800,2700,1700,2800,30,100,FR,all,1,C
30,1900,3000,1900,3000,1900,3000,30,100,FR,all,1,C
31,1600,3000,1600,2900,1600,2900,30,100,FR,all,1,C
1,1600,2900,1600,2800,1600,2800,31,100,FR,all,1,C
2,1700,3700,1800,3500,1800,3600,31,100,FR,all,1,C
3,1600,2800,1700,2800,1700,2800,31,100,FR,all,1,C
4,1800,3800,1900,3800,1900,3800,31,100,FR,all,1,C
5,1600,3700,1700,3700,1700,3700,31,100,FR,all,1,C
6,1700,3200,1900,3000,1900,3000,31,100,FR,all,1,C
7,2500,3800,2500,3800,2500,3800,31,100,FR,all,1,C
8,1600,3100,1600,3000,1600,3000,31,100,FR,all,1,C
9,1700,3400,1800,3400,1800,3400,31,100,FR,all,1,C
10,2900,2900,NA,NA,1600,3800,31,100,FR,all,1,C
11,1600,2800,1600,2700,1600,2700,31,100,FR,all,1,C
12,1600,3100,1700,3000,1700,3000,31,100,FR,all,1,C
13,1600,3200,1600,3200,1600,3200,31,100,FR,all,1,C
14,1600,2600,1600,2500,1600,2600,31,100,FR,all,1,C
15,1600,2800,1600,2800,1600,2800,31,100,FR,all,1,C
16,1800,2700,1900,2500,1900,2500,31,100,FR,all,1,C
17,2400,3400,2800,3400,2800,3400,31,100,FR,all,1,C
18,2600,3800,2700,3800,2700,3800,31,100,FR,all,1,C
19,1600,3500,1600,3400,1600,3400,31,100,FR,all,1,C
20,2600,2800,2700,2700,2700,2700,31,100,FR,all,1,C
21,1600,2950,1600,2900,1600,2900,31,100,FR,all,1,C
22,1600,3800,1600,3800,1600,3800,31,100,FR,all,1,C
23,1600,3500,1600,3500,1600,3500,31,100,FR,all,1,C
24,1600,2800,1600,2800,1600,2800,31,100,FR,all,1,C
25,2700,3100,2700,3100,2700,3100,31,100,FR,all,1,C
26,1800,3600,1900,3500,1900,3500,31,100,FR,all,1,C
27,1700,2900,1800,2800,1800,2800,31,100,FR,all,1,C
28,2300,3400,2300,3400,2300,3400,31,100,FR,all,1,C
29,1600,2700,1700,2700,1700,2700,31,100,FR,all,1,C
30,1900,3000,1900,3000,1900,3000,31,100,FR,all,1,C
31,1600,3000,1600,2900,1600,2900,31,100,FR,all,1,C
1,1600,2900,1800,2500,1800,2600,32,100,FR,all,1,C
2,1700,3700,1800,3500,1700,3600,32,100,FR,all,1,C
3,1600,2800,1600,2800,1600,2800,32,100,FR,all,1,C
4,1800,3800,1900,3800,1900,3800,32,100,FR,all,1,C
5,1600,3700,1600,3700,1600,3700,32,100,FR,all,1,C
6,1700,3200,1900,3000,1900,3000,32,100,FR,all,1,C
7,2500,3800,2500,3800,2500,3800,32,100,FR,all,1,C
8,1600,3100,1600,3000,1600,3000,32,100,FR,all,1,C
9,1700,3400,1800,3400,1800,3400,32,100,FR,all,1,C
10,2900,2900,NA,NA,1600,3800,32,100,FR,all,1,C
11,1600,2800,1600,2700,1600,2700,32,100,FR,all,1,C
12,1600,3100,1600,3000,1600,3000,32,100,FR,all,1,C
13,1600,3200,1700,3200,1700,3200,32,100,FR,all,1,C
14,1600,2600,1700,2500,1700,2600,32,100,FR,all,1,C
15,1600,2800,1600,2800,1600,2800,32,100,FR,all,1,C
16,1800,2700,1900,2700,1900,2700,32,100,FR,all,1,C
17,2400,3400,2800,3400,2800,3400,32,100,FR,all,1,C
18,2600,3800,2700,3800,2700,3800,32,100,FR,all,1,C
19,1600,3500,1600,3300,1600,3300,32,100,FR,all,1,C
20,2600,2800,2700,2700,2700,2700,32,100,FR,all,1,C
21,1600,2950,1600,2900,1600,2900,32,100,FR,all,1,C
22,1600,3800,1700,3800,1700,3800,32,100,FR,all,1,C
23,1600,3500,1600,3300,1600,3300,32,100,FR,all,1,C
24,1600,2800,1600,2800,1600,2800,32,100,FR,all,1,C
25,2700,3100,2700,3100,2700,3100,32,100,FR,all,1,C
26,1800,3600,1800,3500,1800,3500,32,100,FR,all,1,C
27,1700,2900,1800,2900,1800,2900,32,100,FR,all,1,C
28,2300,3400,2300,3400,2300,3400,32,100,FR,all,1,C
29,1600,2700,1600,2700,1600,2700,32,100,FR,all,1,C
30,1900,3000,1900,3000,1900,3000,32,100,FR,all,1,C
31,1600,3000,1600,3000,1600,3000,32,100,FR,all,1,C
1,1600,2900,1800,2900,1800,2900,33,100,FR,all,1,C
2,1700,3700,1800,3500,1800,3500,33,100,FR,all,1,C
3,1600,2800,1600,2800,1600,2800,33,100,FR,all,1,C
4,1800,3800,1900,3800,1900,3800,33,100,FR,all,1,C
5,1600,3700,1600,3700,1600,3700,33,100,FR,all,1,C
6,1700,3200,1900,3000,1900,3000,33,100,FR,all,1,C
7,2500,3800,2500,3800,2500,3800,33,100,FR,all,1,C
8,1600,3100,1600,3000,1600,3000,33,100,FR,all,1,C
9,1700,3400,1800,3400,1800,3400,33,100,FR,all,1,C
10,2900,2900,NA,NA,1600,3800,33,100,FR,all,1,C
11,1600,2800,1700,2800,1700,2800,33,100,FR,all,1,C
12,1600,3100,1600,3000,1600,3000,33,100,FR,all,1,C
13,1600,3200,1600,3100,1600,3100,33,100,FR,all,1,C
14,1600,2600,1700,2500,1700,2500,33,100,FR,all,1,C
15,1600,2800,1700,2800,1700,2800,33,100,FR,all,1,C
16,1800,2700,2000,2700,2000,2700,33,100,FR,all,1,C
17,2400,3400,2800,3400,2800,3400,33,100,FR,all,1,C
18,2600,3800,2700,3800,2700,3800,33,100,FR,all,1,C
19,1600,3500,1600,3300,1600,3300,33,100,FR,all,1,C
20,2600,2800,2700,2700,2700,2700,33,100,FR,all,1,C
21,1600,2950,1600,2900,1600,2900,33,100,FR,all,1,C
22,1600,3800,1600,3800,1600,3800,33,100,FR,all,1,C
23,1600,3500,1800,3300,1800,3300,33,100,FR,all,1,C
24,1600,2800,1600,2800,1600,2800,33,100,FR,all,1,C
25,2700,3100,2700,3100,2700,3100,33,100,FR,all,1,C
26,1800,3600,1800,3500,1800,3500,33,100,FR,all,1,C
27,1700,2900,1800,2900,1800,2900,33,100,FR,all,1,C
28,2300,3400,2300,3400,2300,3400,33,100,FR,all,1,C
29,1600,2700,1600,2700,1600,2700,33,100,FR,all,1,C
30,1900,3000,1900,2700,1900,2700,33,100,FR,all,1,C
31,1600,3000,1600,2900,1600,2900,33,100,FR,all,1,C
1,1600,2900,1800,2800,1800,2800,34,100,FR,all,1,C
2,1700,3700,1800,3700,1800,3800,34,100,FR,all,1,C
3,1600,2800,1600,2800,1600,2800,34,100,FR,all,1,C
4,1800,3800,1900,3800,1900,3800,34,100,FR,all,1,C
5,1600,3700,1600,3700,1600,3700,34,100,FR,all,1,C
6,1700,3200,1900,3000,1900,3000,34,100,FR,all,1,C
7,2500,3800,2500,3800,2500,3800,34,100,FR,all,1,C
8,1600,3100,1600,3000,1600,3000,34,100,FR,all,1,C
9,1700,3400,1800,3400,1800,3400,34,100,FR,all,1,C
10,2900,2900,NA,NA,1600,3600,34,100,FR,all,1,C
11,1600,2800,1700,2700,1700,2700,34,100,FR,all,1,C
12,1600,3100,1600,3000,1600,3000,34,100,FR,all,1,C
13,1600,3200,1600,3200,1600,3200,34,100,FR,all,1,C
14,1600,2600,1800,2500,1800,2500,34,100,FR,all,1,C
15,1600,2800,1800,2800,1800,2800,34,100,FR,all,1,C
16,1800,2700,1900,2700,1900,2700,34,100,FR,all,1,C
17,2400,3400,2600,3400,2600,3400,34,100,FR,all,1,C
18,2600,3800,2700,3800,2700,3800,34,100,FR,all,1,C
19,1600,3500,1600,3300,1600,3300,34,100,FR,all,1,C
20,2600,2800,2700,2700,2700,2700,34,100,FR,all,1,C
21,1600,2950,1600,2900,1600,2900,34,100,FR,all,1,C
22,1600,3800,1600,3800,1600,3800,34,100,FR,all,1,C
23,1600,3500,1700,3300,1700,3300,34,100,FR,all,1,C
24,1600,2800,1600,2800,1600,2800,34,100,FR,all,1,C
25,2700,3100,2700,3100,2700,3100,34,100,FR,all,1,C
26,1800,3600,1900,3500,1900,3500,34,100,FR,all,1,C
27,1700,2900,1800,2900,1800,2900,34,100,FR,all,1,C
28,2300,3400,2300,3400,2300,3400,34,100,FR,all,1,C
29,1600,2700,1800,2700,1800,2700,34,100,FR,all,1,C
30,1900,3000,1900,3000,1900,3000,34,100,FR,all,1,C
31,1600,3000,1600,3000,1600,3000,34,100,FR,all,1,C
1,1600,2900,1600,2700,1600,2700,35,100,FR,all,1,C
2,1700,3700,1800,3700,1700,3800,35,100,FR,all,1,C
3,1600,2800,1600,2800,1600,2800,35,100,FR,all,1,C
4,1800,3800,1900,3800,1900,3800,35,100,FR,all,1,C
5,1600,3700,1700,3700,1700,3700,35,100,FR,all,1,C
6,1700,3200,1900,3000,1900,3000,35,100,FR,all,1,C
7,2500,3800,2500,3800,2500,3800,35,100,FR,all,1,C
8,1600,3100,1600,3000,1600,3000,35,100,FR,all,1,C
9,1700,3400,1800,3400,1800,3400,35,100,FR,all,1,C
10,2900,2900,NA,NA,1600,3800,35,100,FR,all,1,C
11,1600,2800,1600,2800,1600,2800,35,100,FR,all,1,C
12,1600,3100,1600,3000,1600,3000,35,100,FR,all,1,C
13,1600,3200,1600,3200,1600,3200,35,100,FR,all,1,C
14,1600,2600,1600,2500,1600,2500,35,100,FR,all,1,C
15,1600,2800,1600,2800,1600,2800,35,100,FR,all,1,C
16,1800,2700,2000,2700,2000,2700,35,100,FR,all,1,C
17,2400,3400,2800,3400,2800,3400,35,100,FR,all,1,C
18,2600,3800,2700,3800,2700,3800,35,100,FR,all,1,C
19,1600,3500,1600,3300,1600,3300,35,100,FR,all,1,C
20,2600,2800,2700,2700,2700,2700,35,100,FR,all,1,C
21,1600,2950,1600,2900,1600,2900,35,100,FR,all,1,C
22,1600,3800,1600,3800,1600,3800,35,100,FR,all,1,C
23,1600,3500,1600,3500,1600,3500,35,100,FR,all,1,C
24,1600,2800,1600,2800,1600,2800,35,100,FR,all,1,C
25,2700,3100,2700,3100,2700,3100,35,100,FR,all,1,C
26,1800,3600,1900,3500,1900,3500,35,100,FR,all,1,C
27,1700,2900,1800,2900,1800,2900,35,100,FR,all,1,C
28,2300,3400,2300,3400,2300,3400,35,100,FR,all,1,C
29,1600,2700,1700,2500,1600,2600,35,100,FR,all,1,C
30,1900,3000,1900,3000,1900,3000,35,100,FR,all,1,C
31,1600,3000,1600,2900,1600,2900,35,100,FR,all,1,C
1,1600,2900,1800,2800,1800,2800,36,100,FR,all,1,C
2,1700,3700,1800,3500,1700,3600,36,100,FR,all,1,C
3,1600,2800,1600,2800,1600,2800,36,100,FR,all,1,C
4,1800,3800,1900,3800,1900,3800,36,100,FR,all,1,C
5,1600,3700,1700,3700,1700,3700,36,100,FR,all,1,C
6,1700,3200,1900,3000,1900,3000,36,100,FR,all,1,C
7,2500,3800,2500,3800,2500,3800,36,100,FR,all,1,C
8,1600,3100,1600,3000,1600,3000,36,100,FR,all,1,C
9,1700,3400,1800,3400,1800,3400,36,100,FR,all,1,C
10,2900,2900,NA,NA,1600,3800,36,100,FR,all,1,C
11,1600,2800,1600,2700,1600,2700,36,100,FR,all,1,C
12,1600,3100,1600,3000,1600,3000,36,100,FR,all,1,C
13,1600,3200,1600,3200,1600,3200,36,100,FR,all,1,C
14,1600,2600,1600,2500,1600,2500,36,100,FR,all,1,C
15,1600,2800,1600,2800,1600,2800,36,100,FR,all,1,C
16,1800,2700,1900,2700,1900,2700,36,100,FR,all,1,C
17,2400,3400,2600,3400,2600,3400,36,100,FR,all,1,C
18,2600,3800,2700,3800,2700,3800,36,100,FR,all,1,C
19,1600,3500,1700,3300,1700,3300,36,100,FR,all,1,C
20,2600,2800,2700,2700,2700,2700,36,100,FR,all,1,C
21,1600,2950,1600,2900,1600,2900,36,100,FR,all,1,C
22,1600,3800,1600,3800,1600,3800,36,100,FR,all,1,C
23,1600,3500,1700,3300,1700,3300,36,100,FR,all,1,C
24,1600,2800,1600,2800,1600,2800,36,100,FR,all,1,C
25,2700,3100,2700,3100,2700,3100,36,100,FR,all,1,C
26,1800,3600,1800,3500,1800,3500,36,100,FR,all,1,C
27,1700,2900,1800,2900,1800,2900,36,100,FR,all,1,C
28,2300,3400,2300,3400,2300,3400,36,100,FR,all,1,C
29,1600,2700,1600,2700,1600,2700,36,100,FR,all,1,C
30,1900,3000,1900,3000,1900,3000,36,100,FR,all,1,C
31,1600,3000,1600,3000,1600,3000,36,100,FR,all,1,C
1,1600,2900,1800,2700,1800,2700,37,100,FR,all,1,C
2,1700,3700,1800,3400,1800,3400,37,100,FR,all,1,C
3,1600,2800,1600,2800,1600,2800,37,100,FR,all,1,C
4,1800,3800,1900,3800,1900,3800,37,100,FR,all,1,C
5,1600,3700,1700,3700,1700,3700,37,100,FR,all,1,C
6,1700,3200,1900,3000,1900,3000,37,100,FR,all,1,C
7,2500,3800,2500,3800,2500,3800,37,100,FR,all,1,C
8,1600,3100,1600,3000,1600,3000,37,100,FR,all,1,C
9,1700,3400,1800,3400,1800,3400,37,100,FR,all,1,C
10,2900,2900,NA,NA,1600,3800,37,100,FR,all,1,C
11,1600,2800,1600,2800,1600,2800,37,100,FR,all,1,C
12,1600,3100,1700,3000,1700,3000,37,100,FR,all,1,C
13,1600,3200,1600,3200,1600,3200,37,100,FR,all,1,C
14,1600,2600,1600,2500,1600,2500,37,100,FR,all,1,C
15,1600,2800,1600,2800,1600,2800,37,100,FR,all,1,C
16,1800,2700,2000,2700,2000,2700,37,100,FR,all,1,C
17,2400,3400,2500,3400,2500,3400,37,100,FR,all,1,C
18,2600,3800,2700,3800,2700,3800,37,100,FR,all,1,C
19,1600,3500,1600,3300,1600,3300,37,100,FR,all,1,C
20,2600,2800,2700,2700,2700,2700,37,100,FR,all,1,C
21,1600,2950,1600,2900,1600,2900,37,100,FR,all,1,C
22,1600,3800,1600,3800,1600,3800,37,100,FR,all,1,C
23,1600,3500,1600,3300,1600,3300,37,100,FR,all,1,C
24,1600,2800,1600,2800,1600,2800,37,100,FR,all,1,C
25,2700,3100,2700,3100,2700,3100,37,100,FR,all,1,C
26,1800,3600,1800,3500,1800,3500,37,100,FR,all,1,C
27,1700,2900,1700,2800,1700,2800,37,100,FR,all,1,C
28,2300,3400,2300,3400,2300,3400,37,100,FR,all,1,C
29,1600,2700,1700,2700,1700,2700,37,100,FR,all,1,C
30,1900,3000,1900,3000,1900,3000,37,100,FR,all,1,C
31,1600,3000,1600,3000,1600,3000,37,100,FR,all,1,C
1,1600,2900,1800,2800,1700,2800,38,100,FR,all,1,C
2,1700,3700,1800,3500,1800,3600,38,100,FR,all,1,C
3,1600,2800,1600,2800,1600,2800,38,100,FR,all,1,C
4,1800,3800,1900,3800,1900,3800,38,100,FR,all,1,C
5,1600,3700,1700,3700,1700,3700,38,100,FR,all,1,C
6,1700,3200,1900,3000,1900,3000,38,100,FR,all,1,C
7,2500,3800,2500,3800,2500,3800,38,100,FR,all,1,C
8,1600,3100,1600,3000,1600,3000,38,100,FR,all,1,C
9,1700,3400,1800,3400,1800,3400,38,100,FR,all,1,C
10,2900,2900,NA,NA,1600,3800,38,100,FR,all,1,C
11,1600,2800,1600,2700,1600,2700,38,100,FR,all,1,C
12,1600,3100,1700,3000,1700,3000,38,100,FR,all,1,C
13,1600,3200,1700,3200,1700,3200,38,100,FR,all,1,C
14,1600,2600,1800,2500,1800,2500,38,100,FR,all,1,C
15,1600,2800,1600,2800,1600,2800,38,100,FR,all,1,C
16,1800,2700,1900,2700,1900,2700,38,100,FR,all,1,C
17,2400,3400,2800,3400,2800,3400,38,100,FR,all,1,C
18,2600,3800,2700,3800,2700,3800,38,100,FR,all,1,C
19,1600,3500,1600,3300,1600,3300,38,100,FR,all,1,C
20,2600,2800,2700,2700,2700,2700,38,100,FR,all,1,C
21,1600,2950,1600,2900,1600,2900,38,100,FR,all,1,C
22,1600,3800,1600,3800,1600,3800,38,100,FR,all,1,C
23,1600,3500,1600,3300,1600,3300,38,100,FR,all,1,C
24,1600,2800,1600,2800,1600,2800,38,100,FR,all,1,C
25,2700,3100,2700,2800,2700,2800,38,100,FR,all,1,C
26,1800,3600,1900,3500,1900,3500,38,100,FR,all,1,C
27,1700,2900,1800,2800,1800,2800,38,100,FR,all,1,C
28,2300,3400,2300,3400,2300,3400,38,100,FR,all,1,C
29,1600,2700,1700,2700,1700,2700,38,100,FR,all,1,C
30,1900,3000,1900,3000,1900,3000,38,100,FR,all,1,C
31,1600,3000,1600,3000,1600,3000,38,100,FR,all,1,C
1,1600,2900,2200,2800,2100,2900,39,100,FR,all,1,C
2,1700,3700,1800,3500,1800,3600,39,100,FR,all,1,C
3,1600,2800,1600,2800,1600,2800,39,100,FR,all,1,C
4,1800,3800,1900,3800,1900,3800,39,100,FR,all,1,C
5,1600,3700,1700,3700,1700,3700,39,100,FR,all,1,C
6,1700,3200,1900,3000,1900,3000,39,100,FR,all,1,C
7,2500,3800,2500,3800,2500,3800,39,100,FR,all,1,C
8,1600,3100,1600,3000,1600,3000,39,100,FR,all,1,C
9,1700,3400,1800,3400,1800,3400,39,100,FR,all,1,C
10,2900,2900,NA,NA,1600,3800,39,100,FR,all,1,C
11,1600,2800,1700,2700,1700,2700,39,100,FR,all,1,C
12,1600,3100,1600,3000,1600,3000,39,100,FR,all,1,C
13,1600,3200,1600,3100,1600,3100,39,100,FR,all,1,C
14,1600,2600,1600,2500,1600,2600,39,100,FR,all,1,C
15,1600,2800,1600,2800,1600,2800,39,100,FR,all,1,C
16,1800,2700,2000,2700,2000,2700,39,100,FR,all,1,C
17,2400,3400,2500,3400,2500,3400,39,100,FR,all,1,C
18,2600,3800,2700,3800,2700,3800,39,100,FR,all,1,C
19,1600,3500,1600,3300,1600,3300,39,100,FR,all,1,C
20,2600,2800,2700,2700,2700,2700,39,100,FR,all,1,C
21,1600,2950,1600,2900,1600,2900,39,100,FR,all,1,C
22,1600,3800,1600,3800,1600,3800,39,100,FR,all,1,C
23,1600,3500,1600,3300,1600,3300,39,100,FR,all,1,C
24,1600,2800,1600,2800,1600,2800,39,100,FR,all,1,C
25,2700,3100,2700,3100,2700,3100,39,100,FR,all,1,C
26,1800,3600,1900,3500,1900,3500,39,100,FR,all,1,C
27,1700,2900,1800,2800,1800,2800,39,100,FR,all,1,C
28,2300,3400,2300,3400,2300,3400,39,100,FR,all,1,C
29,1600,2700,1600,2600,1600,2600,39,100,FR,all,1,C
30,1900,3000,1900,2700,1900,2700,39,100,FR,all,1,C
31,1600,3000,1600,2900,1600,2900,39,100,FR,all,1,C
1,1600,2900,1800,2800,1700,2900,40,100,FR,all,1,C
2,1700,3700,1800,3500,1700,3600,40,100,FR,all,1,C
3,1600,2800,1700,2800,1700,2800,40,100,FR,all,1,C
4,1800,3800,1900,3800,1900,3800,40,100,FR,all,1,C
5,1600,3700,1600,3700,1600,3700,40,100,FR,all,1,C
6,1700,3200,1900,3000,1900,3000,40,100,FR,all,1,C
7,2500,3800,2500,3800,2500,3800,40,100,FR,all,1,C
8,1600,3100,1600,3000,1600,3000,40,100,FR,all,1,C
9,1700,3400,1800,3400,1800,3400,40,100,FR,all,1,C
10,2900,2900,NA,NA,NA,NA,40,100,FR,all,1,C
11,1600,2800,1600,2700,1600,2700,40,100,FR,all,1,C
12,1600,3100,1600,3000,1600,3000,40,100,FR,all,1,C
13,1600,3200,1600,3100,1600,3100,40,100,FR,all,1,C
14,1600,2600,1600,2500,1600,2600,40,100,FR,all,1,C
15,1600,2800,1600,2800,1600,2800,40,100,FR,all,1,C
16,1800,2700,1900,2700,1900,2700,40,100,FR,all,1,C
17,2400,3400,2800,3400,2800,3400,40,100,FR,all,1,C
18,2600,3800,2700,3800,2700,3800,40,100,FR,all,1,C
19,1600,3500,1600,3400,1600,3400,40,100,FR,all,1,C
20,2600,2800,NA,NA,NA,NA,40,100,FR,all,1,C
21,1600,2950,1600,2900,1600,2900,40,100,FR,all,1,C
22,1600,3800,1600,3800,1600,3800,40,100,FR,all,1,C
23,1600,3500,1600,3300,1600,3300,40,100,FR,all,1,C
24,1600,2800,1700,2800,1700,2800,40,100,FR,all,1,C
25,2700,3100,2700,3100,2700,3100,40,100,FR,all,1,C
26,1800,3600,1900,3500,1900,3500,40,100,FR,all,1,C
27,1700,2900,1800,2900,1800,2900,40,100,FR,all,1,C
28,2300,3400,2300,3400,2300,3400,40,100,FR,all,1,C
29,1600,2700,1600,2700,1600,2700,40,100,FR,all,1,C
30,1900,3000,1900,3000,1900,3000,40,100,FR,all,1,C
31,1600,3000,1600,3000,1600,3000,40,100,FR,all,1,C
1,1600,2900,1800,2800,1800,2800,41,100,FR,all,1,C
2,1700,3700,1800,3500,1700,3600,41,100,FR,all,1,C
3,1600,2800,1700,2800,1700,2800,41,100,FR,all,1,C
4,1800,3800,1900,3800,1900,3800,41,100,FR,all,1,C
5,1600,3700,1600,3700,1600,3700,41,100,FR,all,1,C
6,1700,3200,1900,3000,1900,3000,41,100,FR,all,1,C
7,2500,3800,2500,3800,2500,3800,41,100,FR,all,1,C
8,1600,3100,1600,3000,1600,3000,41,100,FR,all,1,C
9,1700,3400,1800,3400,1800,3400,41,100,FR,all,1,C
10,2900,2900,NA,NA,1600,3800,41,100,FR,all,1,C
11,1600,2800,1600,2700,1600,2700,41,100,FR,all,1,C
12,1600,3100,1600,3000,1600,3000,41,100,FR,all,1,C
13,1600,3200,1600,3200,1600,3200,41,100,FR,all,1,C
14,1600,2600,1600,2300,1600,2300,41,100,FR,all,1,C
15,1600,2800,1600,2800,1600,2800,41,100,FR,all,1,C
16,1800,2700,2000,2700,2000,2700,41,100,FR,all,1,C
17,2400,3400,2500,3400,2500,3400,41,100,FR,all,1,C
18,2600,3800,2700,3800,2700,3800,41,100,FR,all,1,C
19,1600,3500,1600,3300,1600,3300,41,100,FR,all,1,C
20,2600,2800,2700,2700,2700,2700,41,100,FR,all,1,C
21,1600,2950,1600,2900,1600,2900,41,100,FR,all,1,C
22,1600,3800,1700,3800,1700,3800,41,100,FR,all,1,C
23,1600,3500,1600,3300,1600,3300,41,100,FR,all,1,C
24,1600,2800,1600,2800,1600,2800,41,100,FR,all,1,C
25,2700,3100,2700,3100,2700,3100,41,100,FR,all,1,C
26,1800,3600,1900,3500,1900,3500,41,100,FR,all,1,C
27,1700,2900,1800,2900,1800,2900,41,100,FR,all,1,C
28,2300,3400,2300,3400,2300,3400,41,100,FR,all,1,C
29,1600,2700,1600,2700,1600,2700,41,100,FR,all,1,C
30,1900,3000,1900,3000,1900,3000,41,100,FR,all,1,C
31,1600,3000,1600,3000,1600,3000,41,100,FR,all,1,C
1,1600,2900,1800,2800,1700,2800,42,100,FR,all,1,C
2,1700,3700,1800,3500,1700,3600,42,100,FR,all,1,C
3,1600,2800,1600,2800,1600,2800,42,100,FR,all,1,C
4,1800,3800,1900,3700,1900,3700,42,100,FR,all,1,C
5,1600,3700,1700,3700,1700,3700,42,100,FR,all,1,C
6,1700,3200,1900,3000,1900,3000,42,100,FR,all,1,C
7,2500,3800,2500,3800,2500,3800,42,100,FR,all,1,C
8,1600,3100,1600,3000,1600,3000,42,100,FR,all,1,C
9,1700,3400,1700,3400,1700,3400,42,100,FR,all,1,C
10,2900,2900,NA,NA,1600,3800,42,100,FR,all,1,C
11,1600,2800,1600,2700,1600,2700,42,100,FR,all,1,C
12,1600,3100,1600,3000,1600,3000,42,100,FR,all,1,C
13,1600,3200,1700,3200,1700,3200,42,100,FR,all,1,C
14,1600,2600,1700,2500,1700,2600,42,100,FR,all,1,C
15,1600,2800,1600,2800,1600,2800,42,100,FR,all,1,C
16,1800,2700,1800,2500,1800,2600,42,100,FR,all,1,C
17,2400,3400,2800,3400,2800,3400,42,100,FR,all,1,C
18,2600,3800,2700,3800,2700,3800,42,100,FR,all,1,C
19,1600,3500,1600,3300,1600,3300,42,100,FR,all,1,C
20,2600,2800,2700,2700,2700,2700,42,100,FR,all,1,C
21,1600,2950,1600,2900,1600,2900,42,100,FR,all,1,C
22,1600,3800,1600,3800,1600,3800,42,100,FR,all,1,C
23,1600,3500,1700,3500,1700,3500,42,100,FR,all,1,C
24,1600,2800,1600,2800,1600,2800,42,100,FR,all,1,C
25,2700,3100,2700,2900,2700,2900,42,100,FR,all,1,C
26,1800,3600,1800,3500,1800,3500,42,100,FR,all,1,C
27,1700,2900,1800,2900,1800,2900,42,100,FR,all,1,C
28,2300,3400,2300,3400,2300,3400,42,100,FR,all,1,C
29,1600,2700,1700,2700,1600,2700,42,100,FR,all,1,C
30,1900,3000,1900,2700,1900,2700,42,100,FR,all,1,C
31,1600,3000,1600,3000,1600,3000,42,100,FR,all,1,C
1,1600,2900,1800,2800,1800,2800,43,100,FR,all,1,C
2,1700,3700,1800,3500,1700,3600,43,100,FR,all,1,C
3,1600,2800,1600,2800,1600,2800,43,100,FR,all,1,C
4,1800,3800,2000,3800,2000,3800,43,100,FR,all,1,C
5,1600,3700,1600,3700,1600,3700,43,100,FR,all,1,C
6,1700,3200,1900,3000,1900,3000,43,100,FR,all,1,C
7,2500,3800,2500,3800,2500,3800,43,100,FR,all,1,C
8,1600,3100,1600,3000,1600,3000,43,100,FR,all,1,C
9,1700,3400,1800,3400,1800,3400,43,100,FR,all,1,C
10,2900,2900,NA,NA,1600,3800,43,100,FR,all,1,C
11,1600,2800,1600,2700,1600,2700,43,100,FR,all,1,C
12,1600,3100,1600,3000,1600,3000,43,100,FR,all,1,C
13,1600,3200,1600,3200,1600,3200,43,100,FR,all,1,C
14,1600,2600,1600,2500,1600,2600,43,100,FR,all,1,C
15,1600,2800,1700,2800,1700,2800,43,100,FR,all,1,C
16,1800,2700,1800,2700,1800,2700,43,100,FR,all,1,C
17,2400,3400,2700,3400,2700,3400,43,100,FR,all,1,C
18,2600,3800,2700,3800,2700,3800,43,100,FR,all,1,C
19,1600,3500,1600,3500,1600,3500,43,100,FR,all,1,C
20,2600,2800,2700,2700,2700,2700,43,100,FR,all,1,C
21,1600,2950,1600,2900,1600,2900,43,100,FR,all,1,C
22,1600,3800,1600,3800,1600,3800,43,100,FR,all,1,C
23,1600,3500,1600,3300,1600,3300,43,100,FR,all,1,C
24,1600,2800,1600,2800,1600,2800,43,100,FR,all,1,C
25,2700,3100,2700,3100,2700,3100,43,100,FR,all,1,C
26,1800,3600,1900,3500,1900,3500,43,100,FR,all,1,C
27,1700,2900,1800,2900,1800,2900,43,100,FR,all,1,C
28,2300,3400,2300,3400,2300,3400,43,100,FR,all,1,C
29,1600,2700,1800,2700,1800,2700,43,100,FR,all,1,C
30,1900,3000,1900,3000,1900,3000,43,100,FR,all,1,C
31,1600,3000,1600,3000,1600,3000,43,100,FR,all,1,C
1,1600,2900,1600,2800,1600,2800,44,100,FR,all,1,C
2,1700,3700,1800,3500,1700,3600,44,100,FR,all,1,C
3,1600,2800,1600,2800,1600,2800,44,100,FR,all,1,C
4,1800,3800,1900,3800,1900,3800,44,100,FR,all,1,C
5,1600,3700,1600,3700,1600,3700,44,100,FR,all,1,C
6,1700,3200,2000,3000,2000,3000,44,100,FR,all,1,C
7,2500,3800,2500,3800,2500,3800,44,100,FR,all,1,C
8,1600,3100,1600,3000,1600,3000,44,100,FR,all,1,C
9,1700,3400,1700,3400,1700,3400,44,100,FR,all,1,C
10,2900,2900,NA,NA,1600,3800,44,100,FR,all,1,C
11,1600,2800,1600,2700,1600,2700,44,100,FR,all,1,C
12,1600,3100,1600,3000,1600,3000,44,100,FR,all,1,C
13,1600,3200,1600,3200,1600,3200,44,100,FR,all,1,C
14,1600,2600,1600,2500,1600,2600,44,100,FR,all,1,C
15,1600,2800,1600,2800,1600,2800,44,100,FR,all,1,C
16,1800,2700,1800,2700,1800,2700,44,100,FR,all,1,C
17,2400,3400,2800,3400,2800,3400,44,100,FR,all,1,C
18,2600,3800,2700,3800,2700,3800,44,100,FR,all,1,C
19,1600,3500,1600,3300,1600,3300,44,100,FR,all,1,C
20,2600,2800,2700,2700,2700,2700,44,100,FR,all,1,C
21,1600,2950,1600,2900,1600,2900,44,100,FR,all,1,C
22,1600,3800,1600,3800,1600,3800,44,100,FR,all,1,C
23,1600,3500,1600,3300,1600,3300,44,100,FR,all,1,C
24,1600,2800,1600,2800,1600,2800,44,100,FR,all,1,C
25,2700,3100,2700,3100,2700,3100,44,100,FR,all,1,C
26,1800,3600,1900,3500,1900,3500,44,100,FR,all,1,C
27,1700,2900,1800,2900,1800,2900,44,100,FR,all,1,C
28,2300,3400,2300,3400,2300,3400,44,100,FR,all,1,C
29,1600,2700,1700,2500,1600,2600,44,100,FR,all,1,C
30,1900,3000,1900,2700,1900,2700,44,100,FR,all,1,C
31,1600,3000,1600,2900,1600,2900,44,100,FR,all,1,C
1,1600,2900,1800,2800,1800,2800,45,100,FR,all,1,C
2,1700,3700,1800,3500,1700,3600,45,100,FR,all,1,C
3,1600,2800,1600,2800,1600,2800,45,100,FR,all,1,C
4,1800,3800,1900,3800,1900,3800,45,100,FR,all,1,C
5,1600,3700,1700,3700,1700,3700,45,100,FR,all,1,C
6,1700,3200,2000,2900,2000,2900,45,100,FR,all,1,C
7,2500,3800,2500,3800,2500,3800,45,100,FR,all,1,C
8,1600,3100,1600,3000,1600,3000,45,100,FR,all,1,C
9,1700,3400,1800,3400,1800,3400,45,100,FR,all,1,C
10,2900,2900,NA,NA,1600,3800,45,100,FR,all,1,C
11,1600,2800,1600,2800,1600,2800,45,100,FR,all,1,C
12,1600,3100,1700,3000,1700,3000,45,100,FR,all,1,C
13,1600,3200,1700,3200,1700,3200,45,100,FR,all,1,C
14,1600,2600,1600,2500,1600,2500,45,100,FR,all,1,C
15,1600,2800,1600,2800,1600,2800,45,100,FR,all,1,C
16,1800,2700,1900,2700,1900,2700,45,100,FR,all,1,C
17,2400,3400,2600,3400,2600,3400,45,100,FR,all,1,C
18,2600,3800,2700,3800,2700,3800,45,100,FR,all,1,C
19,1600,3500,1600,3400,1600,3400,45,100,FR,all,1,C
20,2600,2800,2700,2700,2700,2700,45,100,FR,all,1,C
21,1600,2950,1600,2900,1600,2900,45,100,FR,all,1,C
22,1600,3800,1600,3800,1600,3800,45,100,FR,all,1,C
23,1600,3500,1600,3500,1600,3500,45,100,FR,all,1,C
24,1600,2800,1600,2800,1600,2800,45,100,FR,all,1,C
25,2700,3100,2700,3100,2700,3100,45,100,FR,all,1,C
26,1800,3600,1900,3500,1900,3500,45,100,FR,all,1,C
27,1700,2900,1700,2900,1700,2900,45,100,FR,all,1,C
28,2300,3400,2300,3400,2300,3400,45,100,FR,all,1,C
29,1600,2700,1700,2300,1700,2300,45,100,FR,all,1,C
30,1900,3000,1900,3000,1900,3000,45,100,FR,all,1,C
31,1600,3000,1600,3000,1600,3000,45,100,FR,all,1,C
1,1600,2900,1800,2800,1800,2800,46,100,FR,all,1,C
2,1700,3700,1800,3500,1800,3600,46,100,FR,all,1,C
3,1600,2800,1700,2800,1700,2800,46,100,FR,all,1,C
4,1800,3800,1900,3800,1900,3800,46,100,FR,all,1,C
5,1600,3700,1600,3700,1600,3700,46,100,FR,all,1,C
6,1700,3200,1900,3000,1900,3000,46,100,FR,all,1,C
7,2500,3800,2500,3800,2500,3800,46,100,FR,all,1,C
8,1600,3100,1600,3000,1600,3000,46,100,FR,all,1,C
9,1700,3400,1800,3400,1800,3400,46,100,FR,all,1,C
10,2900,2900,NA,NA,1600,3800,46,100,FR,all,1,C
11,1600,2800,1600,2700,1600,2700,46,100,FR,all,1,C
12,1600,3100,1600,3000,1600,3000,46,100,FR,all,1,C
13,1600,3200,1700,3100,1700,3100,46,100,FR,all,1,C
14,1600,2600,1700,2500,1700,2500,46,100,FR,all,1,C
15,1600,2800,1600,2800,1600,2800,46,100,FR,all,1,C
16,1800,2700,2000,2700,2000,2700,46,100,FR,all,1,C
17,2400,3400,2700,3400,2700,3400,46,100,FR,all,1,C
18,2600,3800,2600,3800,2600,3800,46,100,FR,all,1,C
19,1600,3500,1600,3400,1600,3400,46,100,FR,all,1,C
20,2600,2800,2700,2700,2700,2700,46,100,FR,all,1,C
21,1600,2950,1600,2900,1600,2900,46,100,FR,all,1,C
22,1600,3800,1600,3800,1600,3800,46,100,FR,all,1,C
23,1600,3500,1600,3500,1600,3500,46,100,FR,all,1,C
24,1600,2800,1600,2800,1600,2800,46,100,FR,all,1,C
25,2700,3100,2700,3000,2700,3000,46,100,FR,all,1,C
26,1800,3600,1800,3500,1800,3500,46,100,FR,all,1,C
27,1700,2900,1800,2800,1800,2800,46,100,FR,all,1,C
28,2300,3400,2300,3400,2300,3400,46,100,FR,all,1,C
29,1600,2700,1700,2700,1600,2700,46,100,FR,all,1,C
30,1900,3000,1900,3000,1900,3000,46,100,FR,all,1,C
31,1600,3000,1600,2900,1600,2900,46,100,FR,all,1,C
1,1600,2900,2000,2500,1900,2600,47,100,FR,all,1,C
2,1700,3700,1900,3500,1900,3600,47,100,FR,all,1,C
3,1600,2800,1600,2800,1600,2800,47,100,FR,all,1,C
4,1800,3800,1900,3800,1900,3800,47,100,FR,all,1,C
5,1600,3700,1700,3700,1700,3700,47,100,FR,all,1,C
6,1700,3200,1900,2900,1900,2900,47,100,FR,all,1,C
7,2500,3800,2500,3800,2500,3800,47,100,FR,all,1,C
8,1600,3100,1600,3000,1600,3000,47,100,FR,all,1,C
9,1700,3400,1800,3400,1800,3400,47,100,FR,all,1,C
10,2900,2900,NA,NA,1600,3800,47,100,FR,all,1,C
11,1600,2800,1600,2700,1600,2700,47,100,FR,all,1,C
12,1600,3100,1600,3000,1600,3000,47,100,FR,all,1,C
13,1600,3200,1600,3200,1600,3200,47,100,FR,all,1,C
14,1600,2600,1700,2500,1700,2500,47,100,FR,all,1,C
15,1600,2800,1700,2800,1700,2800,47,100,FR,all,1,C
16,1800,2700,1900,2700,1900,2700,47,100,FR,all,1,C
17,2400,3400,2500,3400,2500,3400,47,100,FR,all,1,C
18,2600,3800,2700,3800,2700,3800,47,100,FR,all,1,C
19,1600,3500,1600,3300,1600,3300,47,100,FR,all,1,C
20,2600,2800,NA,NA,1600,3800,47,100,FR,all,1,C
21,1600,2950,1600,2900,1600,2900,47,100,FR,all,1,C
22,1600,3800,1600,3800,1600,3800,47,100,FR,all,1,C
23,1600,3500,1700,3300,1700,3300,47,100,FR,all,1,C
24,1600,2800,1600,2800,1600,2800,47,100,FR,all,1,C
25,2700,3100,2700,2900,2700,2900,47,100,FR,all,1,C
26,1800,3600,1800,3500,1800,3500,47,100,FR,all,1,C
27,1700,2900,1800,2900,1800,2900,47,100,FR,all,1,C
28,2300,3400,2300,3400,2300,3400,47,100,FR,all,1,C
29,1600,2700,1700,2700,1600,2700,47,100,FR,all,1,C
30,1900,3000,1900,2700,1900,2700,47,100,FR,all,1,C
31,1600,3000,1600,2900,1600,2900,47,100,FR,all,1,C
1,1600,2900,1700,2800,1600,2800,48,100,FR,all,1,C
2,1700,3700,1800,3500,1800,3600,48,100,FR,all,1,C
3,1600,2800,1600,2800,1600,2800,48,100,FR,all,1,C
4,1800,3800,1900,3800,1900,3800,48,100,FR,all,1,C
5,1600,3700,1600,3700,1600,3700,48,100,FR,all,1,C
6,1700,3200,2000,3000,2000,3000,48,100,FR,all,1,C
7,2500,3800,2500,3800,2500,3800,48,100,FR,all,1,C
8,1600,3100,1600,3000,1600,3000,48,100,FR,all,1,C
9,1700,3400,1800,3400,1800,3400,48,100,FR,all,1,C
10,2900,2900,NA,NA,1600,3800,48,100,FR,all,1,C
11,1600,2800,1700,2700,1700,2700,48,100,FR,all,1,C
12,1600,3100,1600,3000,1600,3000,48,100,FR,all,1,C
13,1600,3200,1600,3200,1600,3200,48,100,FR,all,1,C
14,1600,2600,1700,2500,1700,2500,48,100,FR,all,1,C
15,1600,2800,1600,2800,1600,2800,48,100,FR,all,1,C
16,1800,2700,1900,2700,1900,2700,48,100,FR,all,1,C
17,2400,3400,2500,3400,2500,3400,48,100,FR,all,1,C
18,2600,3800,2700,3800,2700,3800,48,100,FR,all,1,C
19,1600,3500,1600,3300,1600,3300,48,100,FR,all,1,C
20,2600,2800,2700,2700,2700,2700,48,100,FR,all,1,C
21,1600,2950,1600,2900,1600,2900,48,100,FR,all,1,C
22,1600,3800,1600,3800,1600,3800,48,100,FR,all,1,C
23,1600,3500,1600,3300,1600,3300,48,100,FR,all,1,C
24,1600,2800,1600,2800,1600,2800,48,100,FR,all,1,C
25,2700,3100,2700,3100,2700,3100,48,100,FR,all,1,C
26,1800,3600,1900,3500,1900,3500,48,100,FR,all,1,C
27,1700,2900,1800,2900,1800,2900,48,100,FR,all,1,C
28,2300,3400,2300,3400,2300,3400,48,100,FR,all,1,C
29,1600,2700,1800,2300,1800,2300,48,100,FR,all,1,C
30,1900,3000,1900,3000,1900,3000,48,100,FR,all,1,C
31,1600,3000,1600,3000,1600,3000,48,100,FR,all,1,C
1,1600,2900,1700,2800,1600,2800,49,100,FR,all,1,C
2,1700,3700,1800,3500,1700,3600,49,100,FR,all,1,C
3,1600,2800,1600,2800,1600,2800,49,100,FR,all,1,C
4,1800,3800,1900,3800,1900,3800,49,100,FR,all,1,C
5,1600,3700,1700,3700,1700,3700,49,100,FR,all,1,C
6,1700,3200,1900,3000,1900,3000,49,100,FR,all,1,C
7,2500,3800,2500,3800,2500,3800,49,100,FR,all,1,C
8,1600,3100,1600,3000,1600,3000,49,100,FR,all,1,C
9,1700,3400,1800,3400,1800,3400,49,100,FR,all,1,C
10,2900,2900,NA,NA,1600,3800,49,100,FR,all,1,C
11,1600,2800,1600,2700,1600,2700,49,100,FR,all,1,C
12,1600,3100,1600,3000,1600,3000,49,100,FR,all,1,C
13,1600,3200,1600,3200,1600,3200,49,100,FR,all,1,C
14,1600,2600,1600,2500,1600,2500,49,100,FR,all,1,C
15,1600,2800,1600,2800,1600,2800,49,100,FR,all,1,C
16,1800,2700,1900,2700,1900,2700,49,100,FR,all,1,C
17,2400,3400,2800,3400,2800,3400,49,100,FR,all,1,C
18,2600,3800,2600,3800,2600,3800,49,100,FR,all,1,C
19,1600,3500,1600,3300,1600,3300,49,100,FR,all,1,C
20,2600,2800,2700,2700,2700,2700,49,100,FR,all,1,C
21,1600,2950,1600,2900,1600,2900,49,100,FR,all,1,C
22,1600,3800,1700,3800,1700,3800,49,100,FR,all,1,C
23,1600,3500,1600,3300,1600,3300,49,100,FR,all,1,C
24,1600,2800,1600,2800,1600,2800,49,100,FR,all,1,C
25,2700,3100,2700,2900,2700,2900,49,100,FR,all,1,C
26,1800,3600,1900,3500,1900,3500,49,100,FR,all,1,C
27,1700,2900,1800,2900,1800,2900,49,100,FR,all,1,C
28,2300,3400,2300,3400,2300,3400,49,100,FR,all,1,C
29,1600,2700,1600,2700,1600,2800,49,100,FR,all,1,C
30,1900,3000,1900,3000,1900,3000,49,100,FR,all,1,C
31,1600,3000,1600,3000,1600,3000,49,100,FR,all,1,C
1,1600,2900,1600,2800,1600,2800,50,100,FR,all,1,C
2,1700,3700,1800,3500,1800,3600,50,100,FR,all,1,C
3,1600,2800,1600,2800,1600,2800,50,100,FR,all,1,C
4,1800,3800,1900,3800,1900,3800,50,100,FR,all,1,C
5,1600,3700,1600,3700,1600,3700,50,100,FR,all,1,C
6,1700,3200,1900,3000,1900,3000,50,100,FR,all,1,C
7,2500,3800,2500,3800,2500,3800,50,100,FR,all,1,C
8,1600,3100,1600,3000,1600,3000,50,100,FR,all,1,C
9,1700,3400,1700,3400,1700,3400,50,100,FR,all,1,C
10,2900,2900,NA,NA,1600,3800,50,100,FR,all,1,C
11,1600,2800,1600,2800,1600,2800,50,100,FR,all,1,C
12,1600,3100,1600,3000,1600,3000,50,100,FR,all,1,C
13,1600,3200,1700,3100,1700,3100,50,100,FR,all,1,C
14,1600,2600,1600,2500,1600,2500,50,100,FR,all,1,C
15,1600,2800,1800,2800,1800,2800,50,100,FR,all,1,C
16,1800,2700,1900,2700,1900,2700,50,100,FR,all,1,C
17,2400,3400,2700,3400,2700,3400,50,100,FR,all,1,C
18,2600,3800,2700,3800,2700,3800,50,100,FR,all,1,C
19,1600,3500,1600,3400,1600,3400,50,100,FR,all,1,C
20,2600,2800,2700,2700,2700,2700,50,100,FR,all,1,C
21,1600,2950,1600,2900,1600,2900,50,100,FR,all,1,C
22,1600,3800,1600,3800,1600,3800,50,100,FR,all,1,C
23,1600,3500,1600,3300,1600,3300,50,100,FR,all,1,C
24,1600,2800,1600,2800,1600,2800,50,100,FR,all,1,C
25,2700,3100,2700,3100,2700,3100,50,100,FR,all,1,C
26,1800,3600,1800,3500,1800,3500,50,100,FR,all,1,C
27,1700,2900,1800,2800,1800,2800,50,100,FR,all,1,C
28,2300,3400,2300,3400,2300,3400,50,100,FR,all,1,C
29,1600,2700,1700,2700,1700,2700,50,100,FR,all,1,C
30,1900,3000,1900,2700,1900,2700,50,100,FR,all,1,C
31,1600,3000,1600,3000,1600,3000,50,100,FR,all,1,C
