spp,true.lo,true.hi,obs.lo,obs.hi,mod.lo,mod.hi,sim,b,mtn,type,effort,era
1,1600,2800,1600,2600,1600,2600,1,200,FR,all,1,H
2,2400,3800,2400,3800,2400,3800,1,200,FR,all,1,H
3,2200,3000,2200,3000,2200,3000,1,200,FR,all,1,H
4,1600,2800,1600,2800,1600,2800,1,200,FR,all,1,H
5,1600,3200,1600,3000,1600,3000,1,200,FR,all,1,H
6,NA,NA,NA,NA,NA,NA,1,200,FR,all,1,H
7,1600,2400,1600,2400,1600,2400,1,200,FR,all,1,H
8,1800,3000,1800,2600,1800,2600,1,200,FR,all,1,H
9,2400,3200,2400,3200,2400,3200,1,200,FR,all,1,H
10,2400,3400,2400,3200,2400,3200,1,200,FR,all,1,H
11,2000,3400,2200,3400,2200,3400,1,200,FR,all,1,H
12,1600,3200,1600,3200,1600,3200,1,200,FR,all,1,H
13,2600,3400,2600,3400,2600,3400,1,200,FR,all,1,H
14,2400,2400,NA,NA,NA,NA,1,200,FR,all,1,H
15,2400,3400,2400,3400,2400,3400,1,200,FR,all,1,H
16,2200,3200,2400,3000,2400,3000,1,200,FR,all,1,H
17,1600,3600,1600,2600,1600,2600,1,200,FR,all,1,H
18,1600,2400,1600,2400,1600,2400,1,200,FR,all,1,H
19,1800,3400,1800,3400,1800,3400,1,200,FR,all,1,H
20,2400,3800,2400,3800,2400,3800,1,200,FR,all,1,H
21,1600,3200,1600,3000,1600,3000,1,200,FR,all,1,H
22,2000,3600,2000,3400,2000,3400,1,200,FR,all,1,H
23,2000,2800,2200,2600,2200,2600,1,200,FR,all,1,H
24,NA,NA,NA,NA,NA,NA,1,200,FR,all,1,H
25,2600,3600,2600,3400,2600,3400,1,200,FR,all,1,H
26,2200,2600,NA,NA,NA,NA,1,200,FR,all,1,H
27,1800,3000,1800,3000,1800,3000,1,200,FR,all,1,H
28,1600,2800,1600,2800,1600,2800,1,200,FR,all,1,H
29,2200,3000,2200,3000,2200,3000,1,200,FR,all,1,H
30,1600,2800,1600,2800,1600,2800,1,200,FR,all,1,H
31,2600,3800,2600,3600,2600,3600,1,200,FR,all,1,H
32,2000,3200,2000,3200,2000,3200,1,200,FR,all,1,H
33,2800,3800,3000,3600,3000,3600,1,200,FR,all,1,H
34,1600,3800,1600,3600,1600,3600,1,200,FR,all,1,H
35,2200,3600,2400,3600,2400,3600,1,200,FR,all,1,H
36,1600,2600,1600,2600,1600,2600,1,200,FR,all,1,H
37,1600,2600,1600,2600,1600,2600,1,200,FR,all,1,H
1,1600,2800,1600,2600,1600,2600,2,200,FR,all,1,H
2,2400,3800,2400,3800,2400,3800,2,200,FR,all,1,H
3,2200,3000,2200,3000,2200,3000,2,200,FR,all,1,H
4,1600,2800,1600,2800,1600,2800,2,200,FR,all,1,H
5,1600,3200,1600,3000,1600,3000,2,200,FR,all,1,H
6,NA,NA,NA,NA,NA,NA,2,200,FR,all,1,H
7,1600,2400,1600,2400,1600,2400,2,200,FR,all,1,H
8,1800,3000,1800,3000,1800,3000,2,200,FR,all,1,H
9,2400,3200,2400,3200,2400,3200,2,200,FR,all,1,H
10,2400,3400,2400,3200,2400,3200,2,200,FR,all,1,H
11,2000,3400,2200,3400,2200,3400,2,200,FR,all,1,H
12,1600,3200,1600,3000,1600,3000,2,200,FR,all,1,H
13,2600,3400,2600,3400,2600,3400,2,200,FR,all,1,H
14,2400,2400,NA,NA,NA,NA,2,200,FR,all,1,H
15,2400,3400,2400,3400,2400,3400,2,200,FR,all,1,H
16,2200,3200,2400,3000,2400,3000,2,200,FR,all,1,H
17,1600,3600,1600,3600,1600,3600,2,200,FR,all,1,H
18,1600,2400,1600,2400,1600,2400,2,200,FR,all,1,H
19,1800,3400,1800,3400,1800,3400,2,200,FR,all,1,H
20,2400,3800,2400,3800,2400,3800,2,200,FR,all,1,H
21,1600,3200,1600,3000,1600,3000,2,200,FR,all,1,H
22,2000,3600,2000,3400,2000,3400,2,200,FR,all,1,H
23,2000,2800,2200,2600,2200,2600,2,200,FR,all,1,H
24,NA,NA,NA,NA,NA,NA,2,200,FR,all,1,H
25,2600,3600,2600,3400,2600,3400,2,200,FR,all,1,H
26,2200,2600,NA,NA,NA,NA,2,200,FR,all,1,H
27,1800,3000,1800,3000,1800,3000,2,200,FR,all,1,H
28,1600,2800,1600,2600,1600,2600,2,200,FR,all,1,H
29,2200,3000,2200,3000,2200,3000,2,200,FR,all,1,H
30,1600,2800,1600,2800,1600,2800,2,200,FR,all,1,H
31,2600,3800,2600,3600,2600,3600,2,200,FR,all,1,H
32,2000,3200,2000,3200,2000,3200,2,200,FR,all,1,H
33,2800,3800,3000,3600,3000,3600,2,200,FR,all,1,H
34,1600,3800,1600,3800,1600,3800,2,200,FR,all,1,H
35,2200,3600,2400,3600,2400,3600,2,200,FR,all,1,H
36,1600,2600,1600,2600,1600,2600,2,200,FR,all,1,H
37,1600,2600,1600,2600,1600,2600,2,200,FR,all,1,H
1,1600,2800,1600,2600,1600,2600,3,200,FR,all,1,H
2,2400,3800,2400,3800,2400,3800,3,200,FR,all,1,H
3,2200,3000,2200,3000,2200,3000,3,200,FR,all,1,H
4,1600,2800,1600,2800,1600,2800,3,200,FR,all,1,H
5,1600,3200,1600,3000,1600,3000,3,200,FR,all,1,H
6,NA,NA,NA,NA,NA,NA,3,200,FR,all,1,H
7,1600,2400,1600,2400,1600,2400,3,200,FR,all,1,H
8,1800,3000,1800,2600,1800,2600,3,200,FR,all,1,H
9,2400,3200,2400,3200,2400,3200,3,200,FR,all,1,H
10,2400,3400,2400,3200,2400,3200,3,200,FR,all,1,H
11,2000,3400,2200,3400,2200,3400,3,200,FR,all,1,H
12,1600,3200,1600,3000,1600,3000,3,200,FR,all,1,H
13,2600,3400,2600,3400,2600,3400,3,200,FR,all,1,H
14,2400,2400,NA,NA,NA,NA,3,200,FR,all,1,H
15,2400,3400,2400,3400,2400,3400,3,200,FR,all,1,H
16,2200,3200,2400,3200,2400,3200,3,200,FR,all,1,H
17,1600,3600,1600,2600,1600,2600,3,200,FR,all,1,H
18,1600,2400,1600,2400,1600,2400,3,200,FR,all,1,H
19,1800,3400,1800,3400,1800,3400,3,200,FR,all,1,H
20,2400,3800,2400,3800,2400,3800,3,200,FR,all,1,H
21,1600,3200,1600,3000,1600,3000,3,200,FR,all,1,H
22,2000,3600,2000,3600,2000,3600,3,200,FR,all,1,H
23,2000,2800,2200,2600,2200,2600,3,200,FR,all,1,H
24,NA,NA,NA,NA,NA,NA,3,200,FR,all,1,H
25,2600,3600,2800,3400,2800,3400,3,200,FR,all,1,H
26,2200,2600,NA,NA,NA,NA,3,200,FR,all,1,H
27,1800,3000,1800,3000,1800,3000,3,200,FR,all,1,H
28,1600,2800,1600,2800,1600,2800,3,200,FR,all,1,H
29,2200,3000,2200,3000,2200,3000,3,200,FR,all,1,H
30,1600,2800,1600,2800,1600,2800,3,200,FR,all,1,H
31,2600,3800,2600,3800,2600,3800,3,200,FR,all,1,H
32,2000,3200,2000,3200,2000,3200,3,200,FR,all,1,H
33,2800,3800,3000,3600,3000,3600,3,200,FR,all,1,H
34,1600,3800,1600,3800,1600,3800,3,200,FR,all,1,H
35,2200,3600,2400,3600,2400,3600,3,200,FR,all,1,H
36,1600,2600,1600,2600,1600,2600,3,200,FR,all,1,H
37,1600,2600,1600,2600,1600,2600,3,200,FR,all,1,H
1,1600,2800,1600,2600,1600,2600,4,200,FR,all,1,H
2,2400,3800,2600,3800,2600,3800,4,200,FR,all,1,H
3,2200,3000,2200,3000,2200,3000,4,200,FR,all,1,H
4,1600,2800,1600,2800,1600,2800,4,200,FR,all,1,H
5,1600,3200,1600,3000,1600,3000,4,200,FR,all,1,H
6,NA,NA,NA,NA,NA,NA,4,200,FR,all,1,H
7,1600,2400,1600,2400,1600,2400,4,200,FR,all,1,H
8,1800,3000,1800,2400,1800,2400,4,200,FR,all,1,H
9,2400,3200,2400,3200,2400,3200,4,200,FR,all,1,H
10,2400,3400,2400,3200,2400,3200,4,200,FR,all,1,H
11,2000,3400,2200,3400,2200,3400,4,200,FR,all,1,H
12,1600,3200,1600,3000,1600,3000,4,200,FR,all,1,H
13,2600,3400,2600,3400,2600,3400,4,200,FR,all,1,H
14,2400,2400,NA,NA,NA,NA,4,200,FR,all,1,H
15,2400,3400,2400,3400,2400,3400,4,200,FR,all,1,H
16,2200,3200,2400,3200,2400,3200,4,200,FR,all,1,H
17,1600,3600,1600,2600,1600,2600,4,200,FR,all,1,H
18,1600,2400,1600,2400,1600,2400,4,200,FR,all,1,H
19,1800,3400,1800,3400,1800,3400,4,200,FR,all,1,H
20,2400,3800,2400,3800,2400,3800,4,200,FR,all,1,H
21,1600,3200,1600,3000,1600,3000,4,200,FR,all,1,H
22,2000,3600,2000,3400,2000,3400,4,200,FR,all,1,H
23,2000,2800,2200,2600,2200,2600,4,200,FR,all,1,H
24,NA,NA,NA,NA,NA,NA,4,200,FR,all,1,H
25,2600,3600,2600,3400,2600,3400,4,200,FR,all,1,H
26,2200,2600,NA,NA,NA,NA,4,200,FR,all,1,H
27,1800,3000,1800,3000,1800,3000,4,200,FR,all,1,H
28,1600,2800,1600,2800,1600,2800,4,200,FR,all,1,H
29,2200,3000,2200,3000,2200,3000,4,200,FR,all,1,H
30,1600,2800,1600,2800,1600,2800,4,200,FR,all,1,H
31,2600,3800,2600,3800,2600,3800,4,200,FR,all,1,H
32,2000,3200,2000,3200,2000,3200,4,200,FR,all,1,H
33,2800,3800,NA,NA,NA,NA,4,200,FR,all,1,H
34,1600,3800,1600,3600,1600,3600,4,200,FR,all,1,H
35,2200,3600,2400,3600,2400,3600,4,200,FR,all,1,H
36,1600,2600,1600,2600,1600,2600,4,200,FR,all,1,H
37,1600,2600,1600,2600,1600,2600,4,200,FR,all,1,H
1,1600,2800,1600,2600,1600,2600,5,200,FR,all,1,H
2,2400,3800,2400,3600,2400,3600,5,200,FR,all,1,H
3,2200,3000,2200,3000,2200,3000,5,200,FR,all,1,H
4,1600,2800,1600,2800,1600,2800,5,200,FR,all,1,H
5,1600,3200,1600,3000,1600,3000,5,200,FR,all,1,H
6,NA,NA,NA,NA,NA,NA,5,200,FR,all,1,H
7,1600,2400,1600,2400,1600,2400,5,200,FR,all,1,H
8,1800,3000,1800,3000,1800,3000,5,200,FR,all,1,H
9,2400,3200,2400,3200,2400,3200,5,200,FR,all,1,H
10,2400,3400,2400,3200,2400,3200,5,200,FR,all,1,H
11,2000,3400,2200,3400,2200,3400,5,200,FR,all,1,H
12,1600,3200,1600,3000,1600,3000,5,200,FR,all,1,H
13,2600,3400,2600,3400,2600,3400,5,200,FR,all,1,H
14,2400,2400,NA,NA,NA,NA,5,200,FR,all,1,H
15,2400,3400,2400,3400,2400,3400,5,200,FR,all,1,H
16,2200,3200,2400,3200,2400,3200,5,200,FR,all,1,H
17,1600,3600,1600,3600,1600,3600,5,200,FR,all,1,H
18,1600,2400,1600,2400,1600,2400,5,200,FR,all,1,H
19,1800,3400,1800,3400,1800,3400,5,200,FR,all,1,H
20,2400,3800,2400,3800,2400,3800,5,200,FR,all,1,H
21,1600,3200,1600,3000,1600,3000,5,200,FR,all,1,H
22,2000,3600,2000,3400,2000,3400,5,200,FR,all,1,H
23,2000,2800,2200,2600,2200,2600,5,200,FR,all,1,H
24,NA,NA,NA,NA,NA,NA,5,200,FR,all,1,H
25,2600,3600,2800,3400,2800,3400,5,200,FR,all,1,H
26,2200,2600,NA,NA,NA,NA,5,200,FR,all,1,H
27,1800,3000,1800,3000,1800,3000,5,200,FR,all,1,H
28,1600,2800,1600,2800,1600,2800,5,200,FR,all,1,H
29,2200,3000,2200,3000,2200,3000,5,200,FR,all,1,H
30,1600,2800,1600,2800,1600,2800,5,200,FR,all,1,H
31,2600,3800,2600,3600,2600,3600,5,200,FR,all,1,H
32,2000,3200,2000,3200,2000,3200,5,200,FR,all,1,H
33,2800,3800,3600,3600,3600,3600,5,200,FR,all,1,H
34,1600,3800,1600,3800,1600,3800,5,200,FR,all,1,H
35,2200,3600,2400,3600,2400,3600,5,200,FR,all,1,H
36,1600,2600,1600,2600,1600,2600,5,200,FR,all,1,H
37,1600,2600,1600,2600,1600,2600,5,200,FR,all,1,H
1,1600,2800,1600,2600,1600,2600,6,200,FR,all,1,H
2,2400,3800,2400,3800,2400,3800,6,200,FR,all,1,H
3,2200,3000,2200,3000,2200,3000,6,200,FR,all,1,H
4,1600,2800,1600,2800,1600,2800,6,200,FR,all,1,H
5,1600,3200,1600,3000,1600,3000,6,200,FR,all,1,H
6,NA,NA,NA,NA,NA,NA,6,200,FR,all,1,H
7,1600,2400,1600,2400,1600,2400,6,200,FR,all,1,H
8,1800,3000,1800,3000,1800,3000,6,200,FR,all,1,H
9,2400,3200,2400,3200,2400,3200,6,200,FR,all,1,H
10,2400,3400,2400,3200,2400,3200,6,200,FR,all,1,H
11,2000,3400,2200,3400,2200,3400,6,200,FR,all,1,H
12,1600,3200,1600,3000,1600,3000,6,200,FR,all,1,H
13,2600,3400,2600,3400,2600,3400,6,200,FR,all,1,H
14,2400,2400,NA,NA,NA,NA,6,200,FR,all,1,H
15,2400,3400,2400,3400,2400,3400,6,200,FR,all,1,H
16,2200,3200,2400,3000,2400,3000,6,200,FR,all,1,H
17,1600,3600,1600,2600,1600,2600,6,200,FR,all,1,H
18,1600,2400,1600,2400,1600,2400,6,200,FR,all,1,H
19,1800,3400,1800,3400,1800,3400,6,200,FR,all,1,H
20,2400,3800,2400,3800,2400,3800,6,200,FR,all,1,H
21,1600,3200,1600,3000,1600,3000,6,200,FR,all,1,H
22,2000,3600,2000,3400,2000,3400,6,200,FR,all,1,H
23,2000,2800,2200,2600,2200,2600,6,200,FR,all,1,H
24,NA,NA,NA,NA,NA,NA,6,200,FR,all,1,H
25,2600,3600,2800,3400,2800,3400,6,200,FR,all,1,H
26,2200,2600,NA,NA,NA,NA,6,200,FR,all,1,H
27,1800,3000,1800,3000,1800,3000,6,200,FR,all,1,H
28,1600,2800,1600,2600,1600,2600,6,200,FR,all,1,H
29,2200,3000,2200,3000,2200,3000,6,200,FR,all,1,H
30,1600,2800,1600,2800,1600,2800,6,200,FR,all,1,H
31,2600,3800,2600,3600,2600,3600,6,200,FR,all,1,H
32,2000,3200,2000,3200,2000,3200,6,200,FR,all,1,H
33,2800,3800,3000,3000,3000,3000,6,200,FR,all,1,H
34,1600,3800,1600,3800,1600,3800,6,200,FR,all,1,H
35,2200,3600,2400,3600,2400,3600,6,200,FR,all,1,H
36,1600,2600,1600,2600,1600,2600,6,200,FR,all,1,H
37,1600,2600,1600,2600,1600,2600,6,200,FR,all,1,H
1,1600,2800,1600,2600,1600,2600,7,200,FR,all,1,H
2,2400,3800,2400,3800,2400,3800,7,200,FR,all,1,H
3,2200,3000,2200,3000,2200,3000,7,200,FR,all,1,H
4,1600,2800,1600,2800,1600,2800,7,200,FR,all,1,H
5,1600,3200,1600,3000,1600,3000,7,200,FR,all,1,H
6,NA,NA,NA,NA,NA,NA,7,200,FR,all,1,H
7,1600,2400,1600,2400,1600,2400,7,200,FR,all,1,H
8,1800,3000,1800,2800,1800,2800,7,200,FR,all,1,H
9,2400,3200,2400,3200,2400,3200,7,200,FR,all,1,H
10,2400,3400,2400,3200,2400,3200,7,200,FR,all,1,H
11,2000,3400,2200,3400,2200,3400,7,200,FR,all,1,H
12,1600,3200,1600,3200,1600,3200,7,200,FR,all,1,H
13,2600,3400,2600,3400,2600,3400,7,200,FR,all,1,H
14,2400,2400,NA,NA,NA,NA,7,200,FR,all,1,H
15,2400,3400,2400,3400,2400,3400,7,200,FR,all,1,H
16,2200,3200,2400,3200,2400,3200,7,200,FR,all,1,H
17,1600,3600,1600,2600,1600,2600,7,200,FR,all,1,H
18,1600,2400,1600,2400,1600,2400,7,200,FR,all,1,H
19,1800,3400,1800,3400,1800,3400,7,200,FR,all,1,H
20,2400,3800,2400,3800,2400,3800,7,200,FR,all,1,H
21,1600,3200,1600,3000,1600,3000,7,200,FR,all,1,H
22,2000,3600,2000,3400,2000,3400,7,200,FR,all,1,H
23,2000,2800,2200,2600,2200,2600,7,200,FR,all,1,H
24,NA,NA,NA,NA,NA,NA,7,200,FR,all,1,H
25,2600,3600,2800,3400,2800,3400,7,200,FR,all,1,H
26,2200,2600,NA,NA,NA,NA,7,200,FR,all,1,H
27,1800,3000,1800,3000,1800,3000,7,200,FR,all,1,H
28,1600,2800,1600,2800,1600,2800,7,200,FR,all,1,H
29,2200,3000,2200,3000,2200,3000,7,200,FR,all,1,H
30,1600,2800,1600,2800,1600,2800,7,200,FR,all,1,H
31,2600,3800,2600,3600,2600,3600,7,200,FR,all,1,H
32,2000,3200,2000,3200,2000,3200,7,200,FR,all,1,H
33,2800,3800,3000,3000,3000,3000,7,200,FR,all,1,H
34,1600,3800,1600,3800,1600,3800,7,200,FR,all,1,H
35,2200,3600,2400,3600,2400,3600,7,200,FR,all,1,H
36,1600,2600,1600,2600,1600,2600,7,200,FR,all,1,H
37,1600,2600,1600,2600,1600,2600,7,200,FR,all,1,H
1,1600,2800,1600,2600,1600,2600,8,200,FR,all,1,H
2,2400,3800,2400,3600,2400,3600,8,200,FR,all,1,H
3,2200,3000,2200,3000,2200,3000,8,200,FR,all,1,H
4,1600,2800,1600,2800,1600,2800,8,200,FR,all,1,H
5,1600,3200,1600,3000,1600,3000,8,200,FR,all,1,H
6,NA,NA,NA,NA,NA,NA,8,200,FR,all,1,H
7,1600,2400,1600,2400,1600,2400,8,200,FR,all,1,H
8,1800,3000,1800,3000,1800,3000,8,200,FR,all,1,H
9,2400,3200,2400,3200,2400,3200,8,200,FR,all,1,H
10,2400,3400,2400,3400,2400,3400,8,200,FR,all,1,H
11,2000,3400,2200,3400,2200,3400,8,200,FR,all,1,H
12,1600,3200,1600,3000,1600,3000,8,200,FR,all,1,H
13,2600,3400,2600,3400,2600,3400,8,200,FR,all,1,H
14,2400,2400,NA,NA,NA,NA,8,200,FR,all,1,H
15,2400,3400,2400,3400,2400,3400,8,200,FR,all,1,H
16,2200,3200,2200,3000,2200,3000,8,200,FR,all,1,H
17,1600,3600,1600,3200,1600,3200,8,200,FR,all,1,H
18,1600,2400,1600,2400,1600,2400,8,200,FR,all,1,H
19,1800,3400,1800,3400,1800,3400,8,200,FR,all,1,H
20,2400,3800,2400,3800,2400,3800,8,200,FR,all,1,H
21,1600,3200,1600,3000,1600,3000,8,200,FR,all,1,H
22,2000,3600,2000,3400,2000,3400,8,200,FR,all,1,H
23,2000,2800,2200,2600,2200,2600,8,200,FR,all,1,H
24,NA,NA,NA,NA,NA,NA,8,200,FR,all,1,H
25,2600,3600,2800,3400,2800,3400,8,200,FR,all,1,H
26,2200,2600,NA,NA,NA,NA,8,200,FR,all,1,H
27,1800,3000,1800,3000,1800,3000,8,200,FR,all,1,H
28,1600,2800,1600,2800,1600,2800,8,200,FR,all,1,H
29,2200,3000,2200,3000,2200,3000,8,200,FR,all,1,H
30,1600,2800,1600,2800,1600,2800,8,200,FR,all,1,H
31,2600,3800,2600,3600,2600,3600,8,200,FR,all,1,H
32,2000,3200,2000,3200,2000,3200,8,200,FR,all,1,H
33,2800,3800,3000,3600,3000,3600,8,200,FR,all,1,H
34,1600,3800,1600,3800,1600,3800,8,200,FR,all,1,H
35,2200,3600,2400,3600,2400,3600,8,200,FR,all,1,H
36,1600,2600,1600,2600,1600,2600,8,200,FR,all,1,H
37,1600,2600,1600,2600,1600,2600,8,200,FR,all,1,H
1,1600,2800,1600,2600,1600,2600,9,200,FR,all,1,H
2,2400,3800,2400,3800,2400,3800,9,200,FR,all,1,H
3,2200,3000,2200,3000,2200,3000,9,200,FR,all,1,H
4,1600,2800,1600,2800,1600,2800,9,200,FR,all,1,H
5,1600,3200,1600,3000,1600,3000,9,200,FR,all,1,H
6,NA,NA,NA,NA,NA,NA,9,200,FR,all,1,H
7,1600,2400,1600,2400,1600,2400,9,200,FR,all,1,H
8,1800,3000,1800,2800,1800,2800,9,200,FR,all,1,H
9,2400,3200,2400,3200,2400,3200,9,200,FR,all,1,H
10,2400,3400,2400,3200,2400,3200,9,200,FR,all,1,H
11,2000,3400,2200,3400,2200,3400,9,200,FR,all,1,H
12,1600,3200,1600,3000,1600,3000,9,200,FR,all,1,H
13,2600,3400,2800,3400,2800,3400,9,200,FR,all,1,H
14,2400,2400,NA,NA,NA,NA,9,200,FR,all,1,H
15,2400,3400,2400,3400,2400,3400,9,200,FR,all,1,H
16,2200,3200,2400,3000,2400,3000,9,200,FR,all,1,H
17,1600,3600,1600,3600,1600,3600,9,200,FR,all,1,H
18,1600,2400,1600,2400,1600,2400,9,200,FR,all,1,H
19,1800,3400,1800,3400,1800,3400,9,200,FR,all,1,H
20,2400,3800,2400,3800,2400,3800,9,200,FR,all,1,H
21,1600,3200,1600,3000,1600,3000,9,200,FR,all,1,H
22,2000,3600,2000,3600,2000,3600,9,200,FR,all,1,H
23,2000,2800,2200,2600,2200,2600,9,200,FR,all,1,H
24,NA,NA,NA,NA,NA,NA,9,200,FR,all,1,H
25,2600,3600,2800,3400,2800,3400,9,200,FR,all,1,H
26,2200,2600,NA,NA,NA,NA,9,200,FR,all,1,H
27,1800,3000,1800,3000,1800,3000,9,200,FR,all,1,H
28,1600,2800,1600,2800,1600,2800,9,200,FR,all,1,H
29,2200,3000,2200,3000,2200,3000,9,200,FR,all,1,H
30,1600,2800,1600,2800,1600,2800,9,200,FR,all,1,H
31,2600,3800,2600,3800,2600,3800,9,200,FR,all,1,H
32,2000,3200,2000,3200,2000,3200,9,200,FR,all,1,H
33,2800,3800,3000,3400,3000,3400,9,200,FR,all,1,H
34,1600,3800,1600,3800,1600,3800,9,200,FR,all,1,H
35,2200,3600,2400,3600,2400,3600,9,200,FR,all,1,H
36,1600,2600,1600,2600,1600,2600,9,200,FR,all,1,H
37,1600,2600,1600,2600,1600,2600,9,200,FR,all,1,H
1,1600,2800,1600,2600,1600,2600,10,200,FR,all,1,H
2,2400,3800,2400,3800,2400,3800,10,200,FR,all,1,H
3,2200,3000,2200,3000,2200,3000,10,200,FR,all,1,H
4,1600,2800,1600,2800,1600,2800,10,200,FR,all,1,H
5,1600,3200,1600,3000,1600,3000,10,200,FR,all,1,H
6,NA,NA,NA,NA,NA,NA,10,200,FR,all,1,H
7,1600,2400,1600,2400,1600,2400,10,200,FR,all,1,H
8,1800,3000,1800,1800,1800,1800,10,200,FR,all,1,H
9,2400,3200,2400,3200,2400,3200,10,200,FR,all,1,H
10,2400,3400,2400,3200,2400,3200,10,200,FR,all,1,H
11,2000,3400,2200,3400,2200,3400,10,200,FR,all,1,H
12,1600,3200,1600,3200,1600,3200,10,200,FR,all,1,H
13,2600,3400,2800,3400,2800,3400,10,200,FR,all,1,H
14,2400,2400,NA,NA,NA,NA,10,200,FR,all,1,H
15,2400,3400,2400,3400,2400,3400,10,200,FR,all,1,H
16,2200,3200,2400,3000,2400,3000,10,200,FR,all,1,H
17,1600,3600,1600,2600,1600,2600,10,200,FR,all,1,H
18,1600,2400,1600,2400,1600,2400,10,200,FR,all,1,H
19,1800,3400,1800,3400,1800,3400,10,200,FR,all,1,H
20,2400,3800,2400,3800,2400,3800,10,200,FR,all,1,H
21,1600,3200,1600,3000,1600,3000,10,200,FR,all,1,H
22,2000,3600,2000,3600,2000,3600,10,200,FR,all,1,H
23,2000,2800,2200,2400,2200,2400,10,200,FR,all,1,H
24,NA,NA,NA,NA,NA,NA,10,200,FR,all,1,H
25,2600,3600,2800,3400,2800,3400,10,200,FR,all,1,H
26,2200,2600,NA,NA,NA,NA,10,200,FR,all,1,H
27,1800,3000,1800,3000,1800,3000,10,200,FR,all,1,H
28,1600,2800,1600,2600,1600,2600,10,200,FR,all,1,H
29,2200,3000,2200,3000,2200,3000,10,200,FR,all,1,H
30,1600,2800,1600,2800,1600,2800,10,200,FR,all,1,H
31,2600,3800,2600,3600,2600,3600,10,200,FR,all,1,H
32,2000,3200,2000,3200,2000,3200,10,200,FR,all,1,H
33,2800,3800,NA,NA,NA,NA,10,200,FR,all,1,H
34,1600,3800,1600,3600,1600,3600,10,200,FR,all,1,H
35,2200,3600,2400,3600,2400,3600,10,200,FR,all,1,H
36,1600,2600,1600,2600,1600,2600,10,200,FR,all,1,H
37,1600,2600,1600,2600,1600,2600,10,200,FR,all,1,H
1,1600,2800,1600,2600,1600,2600,11,200,FR,all,1,H
2,2400,3800,2400,3800,2400,3800,11,200,FR,all,1,H
3,2200,3000,2200,3000,2200,3000,11,200,FR,all,1,H
4,1600,2800,1600,2800,1600,2800,11,200,FR,all,1,H
5,1600,3200,1600,3000,1600,3000,11,200,FR,all,1,H
6,NA,NA,NA,NA,NA,NA,11,200,FR,all,1,H
7,1600,2400,1600,2400,1600,2400,11,200,FR,all,1,H
8,1800,3000,1800,2800,1800,2800,11,200,FR,all,1,H
9,2400,3200,2400,3200,2400,3200,11,200,FR,all,1,H
10,2400,3400,2400,3200,2400,3200,11,200,FR,all,1,H
11,2000,3400,2200,3400,2200,3400,11,200,FR,all,1,H
12,1600,3200,1600,3000,1600,3000,11,200,FR,all,1,H
13,2600,3400,2800,3400,2800,3400,11,200,FR,all,1,H
14,2400,2400,NA,NA,NA,NA,11,200,FR,all,1,H
15,2400,3400,2400,3400,2400,3400,11,200,FR,all,1,H
16,2200,3200,2400,3000,2400,3000,11,200,FR,all,1,H
17,1600,3600,1600,2600,1600,2600,11,200,FR,all,1,H
18,1600,2400,1600,2400,1600,2400,11,200,FR,all,1,H
19,1800,3400,1800,3400,1800,3400,11,200,FR,all,1,H
20,2400,3800,2400,3800,2400,3800,11,200,FR,all,1,H
21,1600,3200,1600,3000,1600,3000,11,200,FR,all,1,H
22,2000,3600,2000,3600,2000,3600,11,200,FR,all,1,H
23,2000,2800,2200,2600,2200,2600,11,200,FR,all,1,H
24,NA,NA,NA,NA,NA,NA,11,200,FR,all,1,H
25,2600,3600,2800,3400,2800,3400,11,200,FR,all,1,H
26,2200,2600,NA,NA,NA,NA,11,200,FR,all,1,H
27,1800,3000,1800,3000,1800,3000,11,200,FR,all,1,H
28,1600,2800,1600,2600,1600,2600,11,200,FR,all,1,H
29,2200,3000,2200,3000,2200,3000,11,200,FR,all,1,H
30,1600,2800,1600,2800,1600,2800,11,200,FR,all,1,H
31,2600,3800,2600,3800,2600,3800,11,200,FR,all,1,H
32,2000,3200,2000,3200,2000,3200,11,200,FR,all,1,H
33,2800,3800,NA,NA,NA,NA,11,200,FR,all,1,H
34,1600,3800,1600,3800,1600,3800,11,200,FR,all,1,H
35,2200,3600,2400,3600,2400,3600,11,200,FR,all,1,H
36,1600,2600,1600,2600,1600,2600,11,200,FR,all,1,H
37,1600,2600,1600,2600,1600,2600,11,200,FR,all,1,H
1,1600,2800,1600,2800,1600,2800,12,200,FR,all,1,H
2,2400,3800,2400,3600,2400,3600,12,200,FR,all,1,H
3,2200,3000,2200,3000,2200,3000,12,200,FR,all,1,H
4,1600,2800,1600,2800,1600,2800,12,200,FR,all,1,H
5,1600,3200,1600,3000,1600,3000,12,200,FR,all,1,H
6,NA,NA,NA,NA,NA,NA,12,200,FR,all,1,H
7,1600,2400,1600,2400,1600,2400,12,200,FR,all,1,H
8,1800,3000,1800,2800,1800,2800,12,200,FR,all,1,H
9,2400,3200,2400,3200,2400,3200,12,200,FR,all,1,H
10,2400,3400,2400,3200,2400,3200,12,200,FR,all,1,H
11,2000,3400,2200,3400,2200,3400,12,200,FR,all,1,H
12,1600,3200,1600,3000,1600,3000,12,200,FR,all,1,H
13,2600,3400,2800,3400,2800,3400,12,200,FR,all,1,H
14,2400,2400,NA,NA,NA,NA,12,200,FR,all,1,H
15,2400,3400,2400,3400,2400,3400,12,200,FR,all,1,H
16,2200,3200,2400,3200,2400,3200,12,200,FR,all,1,H
17,1600,3600,1600,2600,1600,2600,12,200,FR,all,1,H
18,1600,2400,1600,2400,1600,2400,12,200,FR,all,1,H
19,1800,3400,1800,3400,1800,3400,12,200,FR,all,1,H
20,2400,3800,2400,3800,2400,3800,12,200,FR,all,1,H
21,1600,3200,1600,3000,1600,3000,12,200,FR,all,1,H
22,2000,3600,2000,3600,2000,3600,12,200,FR,all,1,H
23,2000,2800,2200,2600,2200,2600,12,200,FR,all,1,H
24,NA,NA,NA,NA,NA,NA,12,200,FR,all,1,H
25,2600,3600,2800,3400,2800,3400,12,200,FR,all,1,H
26,2200,2600,NA,NA,NA,NA,12,200,FR,all,1,H
27,1800,3000,1800,3000,1800,3000,12,200,FR,all,1,H
28,1600,2800,1600,2800,1600,2800,12,200,FR,all,1,H
29,2200,3000,2200,3000,2200,3000,12,200,FR,all,1,H
30,1600,2800,1600,2600,1600,2600,12,200,FR,all,1,H
31,2600,3800,2600,3600,2600,3600,12,200,FR,all,1,H
32,2000,3200,2000,3200,2000,3200,12,200,FR,all,1,H
33,2800,3800,3000,3600,3000,3600,12,200,FR,all,1,H
34,1600,3800,1600,3800,1600,3800,12,200,FR,all,1,H
35,2200,3600,2400,3600,2400,3600,12,200,FR,all,1,H
36,1600,2600,1600,2600,1600,2600,12,200,FR,all,1,H
37,1600,2600,1600,2600,1600,2600,12,200,FR,all,1,H
1,1600,2800,1600,2600,1600,2600,13,200,FR,all,1,H
2,2400,3800,2400,3600,2400,3600,13,200,FR,all,1,H
3,2200,3000,2200,3000,2200,3000,13,200,FR,all,1,H
4,1600,2800,1600,2800,1600,2800,13,200,FR,all,1,H
5,1600,3200,1600,3000,1600,3000,13,200,FR,all,1,H
6,NA,NA,NA,NA,NA,NA,13,200,FR,all,1,H
7,1600,2400,1600,2400,1600,2400,13,200,FR,all,1,H
8,1800,3000,1800,1800,1800,1800,13,200,FR,all,1,H
9,2400,3200,2400,3200,2400,3200,13,200,FR,all,1,H
10,2400,3400,2400,3200,2400,3200,13,200,FR,all,1,H
11,2000,3400,2200,3400,2200,3400,13,200,FR,all,1,H
12,1600,3200,1600,3000,1600,3000,13,200,FR,all,1,H
13,2600,3400,2600,3400,2600,3400,13,200,FR,all,1,H
14,2400,2400,NA,NA,NA,NA,13,200,FR,all,1,H
15,2400,3400,2400,3400,2400,3400,13,200,FR,all,1,H
16,2200,3200,2400,3000,2400,3000,13,200,FR,all,1,H
17,1600,3600,1600,3600,1600,3600,13,200,FR,all,1,H
18,1600,2400,1600,2400,1600,2400,13,200,FR,all,1,H
19,1800,3400,1800,3400,1800,3400,13,200,FR,all,1,H
20,2400,3800,2400,3800,2400,3800,13,200,FR,all,1,H
21,1600,3200,1600,3000,1600,3000,13,200,FR,all,1,H
22,2000,3600,2000,3400,2000,3400,13,200,FR,all,1,H
23,2000,2800,2200,2600,2200,2600,13,200,FR,all,1,H
24,NA,NA,NA,NA,NA,NA,13,200,FR,all,1,H
25,2600,3600,2800,3400,2800,3400,13,200,FR,all,1,H
26,2200,2600,NA,NA,NA,NA,13,200,FR,all,1,H
27,1800,3000,1800,3000,1800,3000,13,200,FR,all,1,H
28,1600,2800,1600,2800,1600,2800,13,200,FR,all,1,H
29,2200,3000,2200,3000,2200,3000,13,200,FR,all,1,H
30,1600,2800,1600,2600,1600,2600,13,200,FR,all,1,H
31,2600,3800,2600,3600,2600,3600,13,200,FR,all,1,H
32,2000,3200,2000,3200,2000,3200,13,200,FR,all,1,H
33,2800,3800,NA,NA,NA,NA,13,200,FR,all,1,H
34,1600,3800,1600,3800,1600,3800,13,200,FR,all,1,H
35,2200,3600,2400,3600,2400,3600,13,200,FR,all,1,H
36,1600,2600,1600,2600,1600,2600,13,200,FR,all,1,H
37,1600,2600,1600,2600,1600,2600,13,200,FR,all,1,H
1,1600,2800,1600,2600,1600,2600,14,200,FR,all,1,H
2,2400,3800,2400,3800,2400,3800,14,200,FR,all,1,H
3,2200,3000,2200,3000,2200,3000,14,200,FR,all,1,H
4,1600,2800,1600,2800,1600,2800,14,200,FR,all,1,H
5,1600,3200,1600,3000,1600,3000,14,200,FR,all,1,H
6,NA,NA,NA,NA,NA,NA,14,200,FR,all,1,H
7,1600,2400,1600,2400,1600,2400,14,200,FR,all,1,H
8,1800,3000,1800,2600,1800,2600,14,200,FR,all,1,H
9,2400,3200,2400,3200,2400,3200,14,200,FR,all,1,H
10,2400,3400,2400,3200,2400,3200,14,200,FR,all,1,H
11,2000,3400,2200,3400,2200,3400,14,200,FR,all,1,H
12,1600,3200,1600,3000,1600,3000,14,200,FR,all,1,H
13,2600,3400,2800,3400,2800,3400,14,200,FR,all,1,H
14,2400,2400,NA,NA,NA,NA,14,200,FR,all,1,H
15,2400,3400,2400,3400,2400,3400,14,200,FR,all,1,H
16,2200,3200,2400,3000,2400,3000,14,200,FR,all,1,H
17,1600,3600,1600,3600,1600,3600,14,200,FR,all,1,H
18,1600,2400,1600,2400,1600,2400,14,200,FR,all,1,H
19,1800,3400,1800,3400,1800,3400,14,200,FR,all,1,H
20,2400,3800,2400,3800,2400,3800,14,200,FR,all,1,H
21,1600,3200,1600,3000,1600,3000,14,200,FR,all,1,H
22,2000,3600,2000,3600,2000,3600,14,200,FR,all,1,H
23,2000,2800,2200,2600,2200,2600,14,200,FR,all,1,H
24,NA,NA,NA,NA,NA,NA,14,200,FR,all,1,H
25,2600,3600,2600,3400,2600,3400,14,200,FR,all,1,H
26,2200,2600,NA,NA,NA,NA,14,200,FR,all,1,H
27,1800,3000,1800,3000,1800,3000,14,200,FR,all,1,H
28,1600,2800,1600,2800,1600,2800,14,200,FR,all,1,H
29,2200,3000,2200,3000,2200,3000,14,200,FR,all,1,H
30,1600,2800,1600,2800,1600,2800,14,200,FR,all,1,H
31,2600,3800,2600,3600,2600,3600,14,200,FR,all,1,H
32,2000,3200,2000,3200,2000,3200,14,200,FR,all,1,H
33,2800,3800,3000,3600,3000,3600,14,200,FR,all,1,H
34,1600,3800,1600,3800,1600,3800,14,200,FR,all,1,H
35,2200,3600,2400,3400,2400,3400,14,200,FR,all,1,H
36,1600,2600,1600,2600,1600,2600,14,200,FR,all,1,H
37,1600,2600,1600,2600,1600,2600,14,200,FR,all,1,H
1,1600,2800,1600,2600,1600,2600,15,200,FR,all,1,H
2,2400,3800,2400,3600,2400,3600,15,200,FR,all,1,H
3,2200,3000,2200,3000,2200,3000,15,200,FR,all,1,H
4,1600,2800,1600,2800,1600,2800,15,200,FR,all,1,H
5,1600,3200,1600,3000,1600,3000,15,200,FR,all,1,H
6,NA,NA,NA,NA,NA,NA,15,200,FR,all,1,H
7,1600,2400,1600,2400,1600,2400,15,200,FR,all,1,H
8,1800,3000,2000,2000,2000,2000,15,200,FR,all,1,H
9,2400,3200,2400,3200,2400,3200,15,200,FR,all,1,H
10,2400,3400,2400,3200,2400,3200,15,200,FR,all,1,H
11,2000,3400,2200,3400,2200,3400,15,200,FR,all,1,H
12,1600,3200,1600,3000,1600,3000,15,200,FR,all,1,H
13,2600,3400,2800,3400,2800,3400,15,200,FR,all,1,H
14,2400,2400,NA,NA,NA,NA,15,200,FR,all,1,H
15,2400,3400,2400,3400,2400,3400,15,200,FR,all,1,H
16,2200,3200,2400,3000,2400,3000,15,200,FR,all,1,H
17,1600,3600,1600,2600,1600,2600,15,200,FR,all,1,H
18,1600,2400,1600,2400,1600,2400,15,200,FR,all,1,H
19,1800,3400,1800,3400,1800,3400,15,200,FR,all,1,H
20,2400,3800,2400,3800,2400,3800,15,200,FR,all,1,H
21,1600,3200,1600,3000,1600,3000,15,200,FR,all,1,H
22,2000,3600,2000,3600,2000,3600,15,200,FR,all,1,H
23,2000,2800,2200,2600,2200,2600,15,200,FR,all,1,H
24,NA,NA,NA,NA,NA,NA,15,200,FR,all,1,H
25,2600,3600,2600,3400,2600,3400,15,200,FR,all,1,H
26,2200,2600,NA,NA,NA,NA,15,200,FR,all,1,H
27,1800,3000,1800,3000,1800,3000,15,200,FR,all,1,H
28,1600,2800,1600,2800,1600,2800,15,200,FR,all,1,H
29,2200,3000,2200,3000,2200,3000,15,200,FR,all,1,H
30,1600,2800,1600,2800,1600,2800,15,200,FR,all,1,H
31,2600,3800,2600,3800,2600,3800,15,200,FR,all,1,H
32,2000,3200,2000,3200,2000,3200,15,200,FR,all,1,H
33,2800,3800,3000,3400,3000,3400,15,200,FR,all,1,H
34,1600,3800,1600,3800,1600,3800,15,200,FR,all,1,H
35,2200,3600,2400,3600,2400,3600,15,200,FR,all,1,H
36,1600,2600,1600,2600,1600,2600,15,200,FR,all,1,H
37,1600,2600,1600,2600,1600,2600,15,200,FR,all,1,H
1,1600,2800,1600,2600,1600,2600,16,200,FR,all,1,H
2,2400,3800,2600,3800,2600,3800,16,200,FR,all,1,H
3,2200,3000,2200,3000,2200,3000,16,200,FR,all,1,H
4,1600,2800,1600,2800,1600,2800,16,200,FR,all,1,H
5,1600,3200,1600,3000,1600,3000,16,200,FR,all,1,H
6,NA,NA,NA,NA,NA,NA,16,200,FR,all,1,H
7,1600,2400,1600,2400,1600,2400,16,200,FR,all,1,H
8,1800,3000,1800,2400,1800,2400,16,200,FR,all,1,H
9,2400,3200,2400,3200,2400,3200,16,200,FR,all,1,H
10,2400,3400,2400,3200,2400,3200,16,200,FR,all,1,H
11,2000,3400,2200,3400,2200,3400,16,200,FR,all,1,H
12,1600,3200,1600,3000,1600,3000,16,200,FR,all,1,H
13,2600,3400,2600,3400,2600,3400,16,200,FR,all,1,H
14,2400,2400,NA,NA,NA,NA,16,200,FR,all,1,H
15,2400,3400,2400,3400,2400,3400,16,200,FR,all,1,H
16,2200,3200,2400,3200,2400,3200,16,200,FR,all,1,H
17,1600,3600,1600,3600,1600,3600,16,200,FR,all,1,H
18,1600,2400,1600,2400,1600,2400,16,200,FR,all,1,H
19,1800,3400,1800,3400,1800,3400,16,200,FR,all,1,H
20,2400,3800,2400,3600,2400,3600,16,200,FR,all,1,H
21,1600,3200,1600,3000,1600,3000,16,200,FR,all,1,H
22,2000,3600,2000,3600,2000,3600,16,200,FR,all,1,H
23,2000,2800,2200,2600,2200,2600,16,200,FR,all,1,H
24,NA,NA,NA,NA,NA,NA,16,200,FR,all,1,H
25,2600,3600,2800,3400,2800,3400,16,200,FR,all,1,H
26,2200,2600,NA,NA,NA,NA,16,200,FR,all,1,H
27,1800,3000,1800,3000,1800,3000,16,200,FR,all,1,H
28,1600,2800,1600,2800,1600,2800,16,200,FR,all,1,H
29,2200,3000,2200,3000,2200,3000,16,200,FR,all,1,H
30,1600,2800,1600,2800,1600,2800,16,200,FR,all,1,H
31,2600,3800,2600,3600,2600,3600,16,200,FR,all,1,H
32,2000,3200,2000,3200,2000,3200,16,200,FR,all,1,H
33,2800,3800,3000,3800,3000,3800,16,200,FR,all,1,H
34,1600,3800,1600,3800,1600,3800,16,200,FR,all,1,H
35,2200,3600,2400,3600,2400,3600,16,200,FR,all,1,H
36,1600,2600,1600,2600,1600,2600,16,200,FR,all,1,H
37,1600,2600,1600,2600,1600,2600,16,200,FR,all,1,H
1,1600,2800,1600,2600,1600,2600,17,200,FR,all,1,H
2,2400,3800,2400,3800,2400,3800,17,200,FR,all,1,H
3,2200,3000,2200,3000,2200,3000,17,200,FR,all,1,H
4,1600,2800,1600,2800,1600,2800,17,200,FR,all,1,H
5,1600,3200,1600,3000,1600,3000,17,200,FR,all,1,H
6,NA,NA,NA,NA,NA,NA,17,200,FR,all,1,H
7,1600,2400,1600,2400,1600,2400,17,200,FR,all,1,H
8,1800,3000,1800,3000,1800,3000,17,200,FR,all,1,H
9,2400,3200,2400,3200,2400,3200,17,200,FR,all,1,H
10,2400,3400,2400,3200,2400,3200,17,200,FR,all,1,H
11,2000,3400,2200,3400,2200,3400,17,200,FR,all,1,H
12,1600,3200,1600,3000,1600,3000,17,200,FR,all,1,H
13,2600,3400,2600,3400,2600,3400,17,200,FR,all,1,H
14,2400,2400,NA,NA,NA,NA,17,200,FR,all,1,H
15,2400,3400,2400,3400,2400,3400,17,200,FR,all,1,H
16,2200,3200,2400,3000,2400,3000,17,200,FR,all,1,H
17,1600,3600,1600,2600,1600,2600,17,200,FR,all,1,H
18,1600,2400,1600,2400,1600,2400,17,200,FR,all,1,H
19,1800,3400,1800,3400,1800,3400,17,200,FR,all,1,H
20,2400,3800,2400,3800,2400,3800,17,200,FR,all,1,H
21,1600,3200,1600,3000,1600,3000,17,200,FR,all,1,H
22,2000,3600,2000,3400,2000,3400,17,200,FR,all,1,H
23,2000,2800,2200,2600,2200,2600,17,200,FR,all,1,H
24,NA,NA,NA,NA,NA,NA,17,200,FR,all,1,H
25,2600,3600,2800,3400,2800,3400,17,200,FR,all,1,H
26,2200,2600,NA,NA,NA,NA,17,200,FR,all,1,H
27,1800,3000,1800,3000,1800,3000,17,200,FR,all,1,H
28,1600,2800,1600,2800,1600,2800,17,200,FR,all,1,H
29,2200,3000,2200,3000,2200,3000,17,200,FR,all,1,H
30,1600,2800,1600,2800,1600,2800,17,200,FR,all,1,H
31,2600,3800,2600,3800,2600,3800,17,200,FR,all,1,H
32,2000,3200,2000,3200,2000,3200,17,200,FR,all,1,H
33,2800,3800,3400,3600,3400,3600,17,200,FR,all,1,H
34,1600,3800,1600,3800,1600,3800,17,200,FR,all,1,H
35,2200,3600,2400,3600,2400,3600,17,200,FR,all,1,H
36,1600,2600,1600,2600,1600,2600,17,200,FR,all,1,H
37,1600,2600,1600,2600,1600,2600,17,200,FR,all,1,H
1,1600,2800,1600,2600,1600,2600,18,200,FR,all,1,H
2,2400,3800,2400,3800,2400,3800,18,200,FR,all,1,H
3,2200,3000,2200,3000,2200,3000,18,200,FR,all,1,H
4,1600,2800,1600,2800,1600,2800,18,200,FR,all,1,H
5,1600,3200,1600,3000,1600,3000,18,200,FR,all,1,H
6,NA,NA,NA,NA,NA,NA,18,200,FR,all,1,H
7,1600,2400,1600,2400,1600,2400,18,200,FR,all,1,H
8,1800,3000,1800,2600,1800,2600,18,200,FR,all,1,H
9,2400,3200,2400,3200,2400,3200,18,200,FR,all,1,H
10,2400,3400,2400,3200,2400,3200,18,200,FR,all,1,H
11,2000,3400,2200,3400,2200,3400,18,200,FR,all,1,H
12,1600,3200,1600,3000,1600,3000,18,200,FR,all,1,H
13,2600,3400,2800,3400,2800,3400,18,200,FR,all,1,H
14,2400,2400,NA,NA,NA,NA,18,200,FR,all,1,H
15,2400,3400,2400,3400,2400,3400,18,200,FR,all,1,H
16,2200,3200,2400,3200,2400,3200,18,200,FR,all,1,H
17,1600,3600,1600,2600,1600,2600,18,200,FR,all,1,H
18,1600,2400,1600,2400,1600,2400,18,200,FR,all,1,H
19,1800,3400,1800,3400,1800,3400,18,200,FR,all,1,H
20,2400,3800,2400,3800,2400,3800,18,200,FR,all,1,H
21,1600,3200,1600,3000,1600,3000,18,200,FR,all,1,H
22,2000,3600,2000,3600,2000,3600,18,200,FR,all,1,H
23,2000,2800,2200,2600,2200,2600,18,200,FR,all,1,H
24,NA,NA,NA,NA,NA,NA,18,200,FR,all,1,H
25,2600,3600,2600,3400,2600,3400,18,200,FR,all,1,H
26,2200,2600,NA,NA,NA,NA,18,200,FR,all,1,H
27,1800,3000,1800,3000,1800,3000,18,200,FR,all,1,H
28,1600,2800,1600,2600,1600,2600,18,200,FR,all,1,H
29,2200,3000,2200,3000,2200,3000,18,200,FR,all,1,H
30,1600,2800,1600,2800,1600,2800,18,200,FR,all,1,H
31,2600,3800,2600,3600,2600,3600,18,200,FR,all,1,H
32,2000,3200,2000,3200,2000,3200,18,200,FR,all,1,H
33,2800,3800,3000,3400,3000,3400,18,200,FR,all,1,H
34,1600,3800,1600,3800,1600,3800,18,200,FR,all,1,H
35,2200,3600,2400,3600,2400,3600,18,200,FR,all,1,H
36,1600,2600,1600,2600,1600,2600,18,200,FR,all,1,H
37,1600,2600,1600,2600,1600,2600,18,200,FR,all,1,H
1,1600,2800,1600,2600,1600,2600,19,200,FR,all,1,H
2,2400,3800,2400,3800,2400,3800,19,200,FR,all,1,H
3,2200,3000,2200,3000,2200,3000,19,200,FR,all,1,H
4,1600,2800,1600,2800,1600,2800,19,200,FR,all,1,H
5,1600,3200,1600,3000,1600,3000,19,200,FR,all,1,H
6,NA,NA,NA,NA,NA,NA,19,200,FR,all,1,H
7,1600,2400,1600,2400,1600,2400,19,200,FR,all,1,H
8,1800,3000,1800,2400,1800,2400,19,200,FR,all,1,H
9,2400,3200,2400,3200,2400,3200,19,200,FR,all,1,H
10,2400,3400,2400,3200,2400,3200,19,200,FR,all,1,H
11,2000,3400,2200,3400,2200,3400,19,200,FR,all,1,H
12,1600,3200,1600,3000,1600,3000,19,200,FR,all,1,H
13,2600,3400,2600,3400,2600,3400,19,200,FR,all,1,H
14,2400,2400,NA,NA,NA,NA,19,200,FR,all,1,H
15,2400,3400,2400,3400,2400,3400,19,200,FR,all,1,H
16,2200,3200,2400,3000,2400,3000,19,200,FR,all,1,H
17,1600,3600,1600,2600,1600,2600,19,200,FR,all,1,H
18,1600,2400,1600,2400,1600,2400,19,200,FR,all,1,H
19,1800,3400,1800,3400,1800,3400,19,200,FR,all,1,H
20,2400,3800,2400,3800,2400,3800,19,200,FR,all,1,H
21,1600,3200,1600,3000,1600,3000,19,200,FR,all,1,H
22,2000,3600,2000,3600,2000,3600,19,200,FR,all,1,H
23,2000,2800,2200,2800,2200,2800,19,200,FR,all,1,H
24,NA,NA,NA,NA,NA,NA,19,200,FR,all,1,H
25,2600,3600,2800,3400,2800,3400,19,200,FR,all,1,H
26,2200,2600,NA,NA,NA,NA,19,200,FR,all,1,H
27,1800,3000,1800,3000,1800,3000,19,200,FR,all,1,H
28,1600,2800,1600,2600,1600,2600,19,200,FR,all,1,H
29,2200,3000,2200,3000,2200,3000,19,200,FR,all,1,H
30,1600,2800,1600,2800,1600,2800,19,200,FR,all,1,H
31,2600,3800,2600,3600,2600,3600,19,200,FR,all,1,H
32,2000,3200,2000,3200,2000,3200,19,200,FR,all,1,H
33,2800,3800,3000,3600,3000,3600,19,200,FR,all,1,H
34,1600,3800,1600,3800,1600,3800,19,200,FR,all,1,H
35,2200,3600,2400,3600,2400,3600,19,200,FR,all,1,H
36,1600,2600,1600,2600,1600,2600,19,200,FR,all,1,H
37,1600,2600,1600,2600,1600,2600,19,200,FR,all,1,H
1,1600,2800,1600,2600,1600,2600,20,200,FR,all,1,H
2,2400,3800,2400,3800,2400,3800,20,200,FR,all,1,H
3,2200,3000,2200,3000,2200,3000,20,200,FR,all,1,H
4,1600,2800,1600,2800,1600,2800,20,200,FR,all,1,H
5,1600,3200,1600,3000,1600,3000,20,200,FR,all,1,H
6,NA,NA,NA,NA,NA,NA,20,200,FR,all,1,H
7,1600,2400,1600,2400,1600,2400,20,200,FR,all,1,H
8,1800,3000,1800,1800,1800,1800,20,200,FR,all,1,H
9,2400,3200,2400,3200,2400,3200,20,200,FR,all,1,H
10,2400,3400,2400,3200,2400,3200,20,200,FR,all,1,H
11,2000,3400,2200,3400,2200,3400,20,200,FR,all,1,H
12,1600,3200,1600,3000,1600,3000,20,200,FR,all,1,H
13,2600,3400,2600,3400,2600,3400,20,200,FR,all,1,H
14,2400,2400,NA,NA,NA,NA,20,200,FR,all,1,H
15,2400,3400,2400,3400,2400,3400,20,200,FR,all,1,H
16,2200,3200,2400,3200,2400,3200,20,200,FR,all,1,H
17,1600,3600,1600,2600,1600,2600,20,200,FR,all,1,H
18,1600,2400,1600,2400,1600,2400,20,200,FR,all,1,H
19,1800,3400,1800,3400,1800,3400,20,200,FR,all,1,H
20,2400,3800,2400,3800,2400,3800,20,200,FR,all,1,H
21,1600,3200,1600,3000,1600,3000,20,200,FR,all,1,H
22,2000,3600,2000,3400,2000,3400,20,200,FR,all,1,H
23,2000,2800,2200,2400,2200,2400,20,200,FR,all,1,H
24,NA,NA,NA,NA,NA,NA,20,200,FR,all,1,H
25,2600,3600,2600,3400,2600,3400,20,200,FR,all,1,H
26,2200,2600,NA,NA,NA,NA,20,200,FR,all,1,H
27,1800,3000,1800,3000,1800,3000,20,200,FR,all,1,H
28,1600,2800,1600,2600,1600,2600,20,200,FR,all,1,H
29,2200,3000,2200,3000,2200,3000,20,200,FR,all,1,H
30,1600,2800,1600,2800,1600,2800,20,200,FR,all,1,H
31,2600,3800,2600,3800,2600,3800,20,200,FR,all,1,H
32,2000,3200,2000,3200,2000,3200,20,200,FR,all,1,H
33,2800,3800,3000,3400,3000,3400,20,200,FR,all,1,H
34,1600,3800,1600,3800,1600,3800,20,200,FR,all,1,H
35,2200,3600,2400,3600,2400,3600,20,200,FR,all,1,H
36,1600,2600,1600,2600,1600,2600,20,200,FR,all,1,H
37,1600,2600,1600,2600,1600,2600,20,200,FR,all,1,H
1,1600,2800,1600,2600,1600,2600,21,200,FR,all,1,H
2,2400,3800,2400,3800,2400,3800,21,200,FR,all,1,H
3,2200,3000,2200,3000,2200,3000,21,200,FR,all,1,H
4,1600,2800,1600,2800,1600,2800,21,200,FR,all,1,H
5,1600,3200,1600,3000,1600,3000,21,200,FR,all,1,H
6,NA,NA,NA,NA,NA,NA,21,200,FR,all,1,H
7,1600,2400,1600,2400,1600,2400,21,200,FR,all,1,H
8,1800,3000,1800,2000,1800,2000,21,200,FR,all,1,H
9,2400,3200,2400,3200,2400,3200,21,200,FR,all,1,H
10,2400,3400,2400,3200,2400,3200,21,200,FR,all,1,H
11,2000,3400,2200,3400,2200,3400,21,200,FR,all,1,H
12,1600,3200,1600,3000,1600,3000,21,200,FR,all,1,H
13,2600,3400,2800,3400,2800,3400,21,200,FR,all,1,H
14,2400,2400,NA,NA,NA,NA,21,200,FR,all,1,H
15,2400,3400,2400,3400,2400,3400,21,200,FR,all,1,H
16,2200,3200,2400,3000,2400,3000,21,200,FR,all,1,H
17,1600,3600,1600,2600,1600,2600,21,200,FR,all,1,H
18,1600,2400,1600,2400,1600,2400,21,200,FR,all,1,H
19,1800,3400,1800,3400,1800,3400,21,200,FR,all,1,H
20,2400,3800,2400,3800,2400,3800,21,200,FR,all,1,H
21,1600,3200,1600,3000,1600,3000,21,200,FR,all,1,H
22,2000,3600,2000,3400,2000,3400,21,200,FR,all,1,H
23,2000,2800,2200,2600,2200,2600,21,200,FR,all,1,H
24,NA,NA,NA,NA,NA,NA,21,200,FR,all,1,H
25,2600,3600,2800,3400,2800,3400,21,200,FR,all,1,H
26,2200,2600,NA,NA,NA,NA,21,200,FR,all,1,H
27,1800,3000,1800,3000,1800,3000,21,200,FR,all,1,H
28,1600,2800,1600,2600,1600,2600,21,200,FR,all,1,H
29,2200,3000,2200,3000,2200,3000,21,200,FR,all,1,H
30,1600,2800,1600,2800,1600,2800,21,200,FR,all,1,H
31,2600,3800,2600,3600,2600,3600,21,200,FR,all,1,H
32,2000,3200,2000,3200,2000,3200,21,200,FR,all,1,H
33,2800,3800,NA,NA,NA,NA,21,200,FR,all,1,H
34,1600,3800,1600,3800,1600,3800,21,200,FR,all,1,H
35,2200,3600,2400,3600,2400,3600,21,200,FR,all,1,H
36,1600,2600,1600,2600,1600,2600,21,200,FR,all,1,H
37,1600,2600,1600,2600,1600,2600,21,200,FR,all,1,H
1,1600,2800,1600,2800,1600,2800,22,200,FR,all,1,H
2,2400,3800,2400,3800,2400,3800,22,200,FR,all,1,H
3,2200,3000,2200,3000,2200,3000,22,200,FR,all,1,H
4,1600,2800,1600,2800,1600,2800,22,200,FR,all,1,H
5,1600,3200,1600,3000,1600,3000,22,200,FR,all,1,H
6,NA,NA,NA,NA,NA,NA,22,200,FR,all,1,H
7,1600,2400,1600,2400,1600,2400,22,200,FR,all,1,H
8,1800,3000,2800,3000,2800,3000,22,200,FR,all,1,H
9,2400,3200,2400,3200,2400,3200,22,200,FR,all,1,H
10,2400,3400,2400,3200,2400,3200,22,200,FR,all,1,H
11,2000,3400,2200,3400,2200,3400,22,200,FR,all,1,H
12,1600,3200,1600,3200,1600,3200,22,200,FR,all,1,H
13,2600,3400,2600,3400,2600,3400,22,200,FR,all,1,H
14,2400,2400,NA,NA,NA,NA,22,200,FR,all,1,H
15,2400,3400,2400,3400,2400,3400,22,200,FR,all,1,H
16,2200,3200,2400,3000,2400,3000,22,200,FR,all,1,H
17,1600,3600,1600,2600,1600,2600,22,200,FR,all,1,H
18,1600,2400,1600,2400,1600,2400,22,200,FR,all,1,H
19,1800,3400,1800,3400,1800,3400,22,200,FR,all,1,H
20,2400,3800,2400,3600,2400,3600,22,200,FR,all,1,H
21,1600,3200,1600,3000,1600,3000,22,200,FR,all,1,H
22,2000,3600,2000,3600,2000,3600,22,200,FR,all,1,H
23,2000,2800,2200,2600,2200,2600,22,200,FR,all,1,H
24,NA,NA,NA,NA,NA,NA,22,200,FR,all,1,H
25,2600,3600,2800,3400,2800,3400,22,200,FR,all,1,H
26,2200,2600,NA,NA,NA,NA,22,200,FR,all,1,H
27,1800,3000,1800,3000,1800,3000,22,200,FR,all,1,H
28,1600,2800,1600,2800,1600,2800,22,200,FR,all,1,H
29,2200,3000,2200,3000,2200,3000,22,200,FR,all,1,H
30,1600,2800,1600,2800,1600,2800,22,200,FR,all,1,H
31,2600,3800,2600,3800,2600,3800,22,200,FR,all,1,H
32,2000,3200,2000,3200,2000,3200,22,200,FR,all,1,H
33,2800,3800,3600,3600,3600,3600,22,200,FR,all,1,H
34,1600,3800,1600,3800,1600,3800,22,200,FR,all,1,H
35,2200,3600,2400,3600,2400,3600,22,200,FR,all,1,H
36,1600,2600,1600,2600,1600,2600,22,200,FR,all,1,H
37,1600,2600,1600,2600,1600,2600,22,200,FR,all,1,H
1,1600,2800,1600,2800,1600,2800,23,200,FR,all,1,H
2,2400,3800,2400,3400,2400,3400,23,200,FR,all,1,H
3,2200,3000,2200,3000,2200,3000,23,200,FR,all,1,H
4,1600,2800,1600,2800,1600,2800,23,200,FR,all,1,H
5,1600,3200,1600,3000,1600,3000,23,200,FR,all,1,H
6,NA,NA,NA,NA,NA,NA,23,200,FR,all,1,H
7,1600,2400,1600,2400,1600,2400,23,200,FR,all,1,H
8,1800,3000,1800,2600,1800,2600,23,200,FR,all,1,H
9,2400,3200,2400,3200,2400,3200,23,200,FR,all,1,H
10,2400,3400,2400,3200,2400,3200,23,200,FR,all,1,H
11,2000,3400,2200,3400,2200,3400,23,200,FR,all,1,H
12,1600,3200,1600,3000,1600,3000,23,200,FR,all,1,H
13,2600,3400,2600,3400,2600,3400,23,200,FR,all,1,H
14,2400,2400,NA,NA,NA,NA,23,200,FR,all,1,H
15,2400,3400,2400,3400,2400,3400,23,200,FR,all,1,H
16,2200,3200,2400,2800,2400,2800,23,200,FR,all,1,H
17,1600,3600,1600,3200,1600,3200,23,200,FR,all,1,H
18,1600,2400,1600,2400,1600,2400,23,200,FR,all,1,H
19,1800,3400,1800,3400,1800,3400,23,200,FR,all,1,H
20,2400,3800,2400,3800,2400,3800,23,200,FR,all,1,H
21,1600,3200,1600,3000,1600,3000,23,200,FR,all,1,H
22,2000,3600,2000,3600,2000,3600,23,200,FR,all,1,H
23,2000,2800,2200,2600,2200,2600,23,200,FR,all,1,H
24,NA,NA,NA,NA,NA,NA,23,200,FR,all,1,H
25,2600,3600,2800,3400,2800,3400,23,200,FR,all,1,H
26,2200,2600,NA,NA,NA,NA,23,200,FR,all,1,H
27,1800,3000,1800,3000,1800,3000,23,200,FR,all,1,H
28,1600,2800,1600,2600,1600,2600,23,200,FR,all,1,H
29,2200,3000,2200,3000,2200,3000,23,200,FR,all,1,H
30,1600,2800,1600,2800,1600,2800,23,200,FR,all,1,H
31,2600,3800,2600,3600,2600,3600,23,200,FR,all,1,H
32,2000,3200,2000,3200,2000,3200,23,200,FR,all,1,H
33,2800,3800,3200,3600,3200,3600,23,200,FR,all,1,H
34,1600,3800,1600,3800,1600,3800,23,200,FR,all,1,H
35,2200,3600,2400,3600,2400,3600,23,200,FR,all,1,H
36,1600,2600,1600,2600,1600,2600,23,200,FR,all,1,H
37,1600,2600,1600,2600,1600,2600,23,200,FR,all,1,H
1,1600,2800,1600,2600,1600,2600,24,200,FR,all,1,H
2,2400,3800,2400,3800,2400,3800,24,200,FR,all,1,H
3,2200,3000,2200,3000,2200,3000,24,200,FR,all,1,H
4,1600,2800,1600,2800,1600,2800,24,200,FR,all,1,H
5,1600,3200,1600,3000,1600,3000,24,200,FR,all,1,H
6,NA,NA,NA,NA,NA,NA,24,200,FR,all,1,H
7,1600,2400,1600,2400,1600,2400,24,200,FR,all,1,H
8,1800,3000,1800,2400,1800,2400,24,200,FR,all,1,H
9,2400,3200,2400,3200,2400,3200,24,200,FR,all,1,H
10,2400,3400,2400,3200,2400,3200,24,200,FR,all,1,H
11,2000,3400,2200,3400,2200,3400,24,200,FR,all,1,H
12,1600,3200,1600,3200,1600,3200,24,200,FR,all,1,H
13,2600,3400,2600,3400,2600,3400,24,200,FR,all,1,H
14,2400,2400,NA,NA,NA,NA,24,200,FR,all,1,H
15,2400,3400,2400,3400,2400,3400,24,200,FR,all,1,H
16,2200,3200,2400,3200,2400,3200,24,200,FR,all,1,H
17,1600,3600,1600,2600,1600,2600,24,200,FR,all,1,H
18,1600,2400,1600,2400,1600,2400,24,200,FR,all,1,H
19,1800,3400,1800,3400,1800,3400,24,200,FR,all,1,H
20,2400,3800,2400,3800,2400,3800,24,200,FR,all,1,H
21,1600,3200,1600,3000,1600,3000,24,200,FR,all,1,H
22,2000,3600,2000,3600,2000,3600,24,200,FR,all,1,H
23,2000,2800,2200,2600,2200,2600,24,200,FR,all,1,H
24,NA,NA,NA,NA,NA,NA,24,200,FR,all,1,H
25,2600,3600,2800,3400,2800,3400,24,200,FR,all,1,H
26,2200,2600,NA,NA,NA,NA,24,200,FR,all,1,H
27,1800,3000,1800,3000,1800,3000,24,200,FR,all,1,H
28,1600,2800,1600,2800,1600,2800,24,200,FR,all,1,H
29,2200,3000,2200,3000,2200,3000,24,200,FR,all,1,H
30,1600,2800,1600,2800,1600,2800,24,200,FR,all,1,H
31,2600,3800,2600,3600,2600,3600,24,200,FR,all,1,H
32,2000,3200,2000,3200,2000,3200,24,200,FR,all,1,H
33,2800,3800,2800,3400,2800,3400,24,200,FR,all,1,H
34,1600,3800,1600,3800,1600,3800,24,200,FR,all,1,H
35,2200,3600,2400,3600,2400,3600,24,200,FR,all,1,H
36,1600,2600,1600,2600,1600,2600,24,200,FR,all,1,H
37,1600,2600,1600,2600,1600,2600,24,200,FR,all,1,H
1,1600,2800,1600,2600,1600,2600,25,200,FR,all,1,H
2,2400,3800,2400,3800,2400,3800,25,200,FR,all,1,H
3,2200,3000,2200,3000,2200,3000,25,200,FR,all,1,H
4,1600,2800,1600,2800,1600,2800,25,200,FR,all,1,H
5,1600,3200,1600,3000,1600,3000,25,200,FR,all,1,H
6,NA,NA,NA,NA,NA,NA,25,200,FR,all,1,H
7,1600,2400,1600,2400,1600,2400,25,200,FR,all,1,H
8,1800,3000,1800,2800,1800,2800,25,200,FR,all,1,H
9,2400,3200,2400,3200,2400,3200,25,200,FR,all,1,H
10,2400,3400,2400,3200,2400,3200,25,200,FR,all,1,H
11,2000,3400,2200,3400,2200,3400,25,200,FR,all,1,H
12,1600,3200,1600,3000,1600,3000,25,200,FR,all,1,H
13,2600,3400,2600,3400,2600,3400,25,200,FR,all,1,H
14,2400,2400,NA,NA,NA,NA,25,200,FR,all,1,H
15,2400,3400,2400,3400,2400,3400,25,200,FR,all,1,H
16,2200,3200,2400,3200,2400,3200,25,200,FR,all,1,H
17,1600,3600,1600,3600,1600,3600,25,200,FR,all,1,H
18,1600,2400,1600,2400,1600,2400,25,200,FR,all,1,H
19,1800,3400,1800,3400,1800,3400,25,200,FR,all,1,H
20,2400,3800,2400,3800,2400,3800,25,200,FR,all,1,H
21,1600,3200,1600,3000,1600,3000,25,200,FR,all,1,H
22,2000,3600,2000,3600,2000,3600,25,200,FR,all,1,H
23,2000,2800,2200,2600,2200,2600,25,200,FR,all,1,H
24,NA,NA,NA,NA,NA,NA,25,200,FR,all,1,H
25,2600,3600,2800,3400,2800,3400,25,200,FR,all,1,H
26,2200,2600,NA,NA,NA,NA,25,200,FR,all,1,H
27,1800,3000,1800,3000,1800,3000,25,200,FR,all,1,H
28,1600,2800,1600,2800,1600,2800,25,200,FR,all,1,H
29,2200,3000,2200,3000,2200,3000,25,200,FR,all,1,H
30,1600,2800,1600,2800,1600,2800,25,200,FR,all,1,H
31,2600,3800,2600,3800,2600,3800,25,200,FR,all,1,H
32,2000,3200,2000,3200,2000,3200,25,200,FR,all,1,H
33,2800,3800,3000,3600,3000,3600,25,200,FR,all,1,H
34,1600,3800,1600,3800,1600,3800,25,200,FR,all,1,H
35,2200,3600,2400,3600,2400,3600,25,200,FR,all,1,H
36,1600,2600,1600,2600,1600,2600,25,200,FR,all,1,H
37,1600,2600,1600,2600,1600,2600,25,200,FR,all,1,H
1,1600,2800,1600,2600,1600,2600,26,200,FR,all,1,H
2,2400,3800,2400,3800,2400,3800,26,200,FR,all,1,H
3,2200,3000,2200,3000,2200,3000,26,200,FR,all,1,H
4,1600,2800,1600,2800,1600,2800,26,200,FR,all,1,H
5,1600,3200,1600,3000,1600,3000,26,200,FR,all,1,H
6,NA,NA,NA,NA,NA,NA,26,200,FR,all,1,H
7,1600,2400,1600,2400,1600,2400,26,200,FR,all,1,H
8,1800,3000,1800,3000,1800,3000,26,200,FR,all,1,H
9,2400,3200,2400,3200,2400,3200,26,200,FR,all,1,H
10,2400,3400,2400,3200,2400,3200,26,200,FR,all,1,H
11,2000,3400,2200,3400,2200,3400,26,200,FR,all,1,H
12,1600,3200,1600,3000,1600,3000,26,200,FR,all,1,H
13,2600,3400,2800,3400,2800,3400,26,200,FR,all,1,H
14,2400,2400,NA,NA,NA,NA,26,200,FR,all,1,H
15,2400,3400,2400,3400,2400,3400,26,200,FR,all,1,H
16,2200,3200,2400,3000,2400,3000,26,200,FR,all,1,H
17,1600,3600,1600,3600,1600,3600,26,200,FR,all,1,H
18,1600,2400,1600,2400,1600,2400,26,200,FR,all,1,H
19,1800,3400,1800,3400,1800,3400,26,200,FR,all,1,H
20,2400,3800,2400,3800,2400,3800,26,200,FR,all,1,H
21,1600,3200,1600,3000,1600,3000,26,200,FR,all,1,H
22,2000,3600,2000,3600,2000,3600,26,200,FR,all,1,H
23,2000,2800,2200,2600,2200,2600,26,200,FR,all,1,H
24,NA,NA,NA,NA,NA,NA,26,200,FR,all,1,H
25,2600,3600,2800,3400,2800,3400,26,200,FR,all,1,H
26,2200,2600,NA,NA,NA,NA,26,200,FR,all,1,H
27,1800,3000,1800,3000,1800,3000,26,200,FR,all,1,H
28,1600,2800,1600,2800,1600,2800,26,200,FR,all,1,H
29,2200,3000,2200,3000,2200,3000,26,200,FR,all,1,H
30,1600,2800,1600,2800,1600,2800,26,200,FR,all,1,H
31,2600,3800,2600,3800,2600,3800,26,200,FR,all,1,H
32,2000,3200,2000,3200,2000,3200,26,200,FR,all,1,H
33,2800,3800,3200,3200,3200,3200,26,200,FR,all,1,H
34,1600,3800,1600,3800,1600,3800,26,200,FR,all,1,H
35,2200,3600,2400,3600,2400,3600,26,200,FR,all,1,H
36,1600,2600,1600,2600,1600,2600,26,200,FR,all,1,H
37,1600,2600,1600,2600,1600,2600,26,200,FR,all,1,H
1,1600,2800,1600,2600,1600,2600,27,200,FR,all,1,H
2,2400,3800,2400,3800,2400,3800,27,200,FR,all,1,H
3,2200,3000,2200,3000,2200,3000,27,200,FR,all,1,H
4,1600,2800,1600,2800,1600,2800,27,200,FR,all,1,H
5,1600,3200,1600,3000,1600,3000,27,200,FR,all,1,H
6,NA,NA,NA,NA,NA,NA,27,200,FR,all,1,H
7,1600,2400,1600,2400,1600,2400,27,200,FR,all,1,H
8,1800,3000,1800,2400,1800,2400,27,200,FR,all,1,H
9,2400,3200,2400,3200,2400,3200,27,200,FR,all,1,H
10,2400,3400,2400,3200,2400,3200,27,200,FR,all,1,H
11,2000,3400,2200,3400,2200,3400,27,200,FR,all,1,H
12,1600,3200,1600,3000,1600,3000,27,200,FR,all,1,H
13,2600,3400,2600,3400,2600,3400,27,200,FR,all,1,H
14,2400,2400,NA,NA,NA,NA,27,200,FR,all,1,H
15,2400,3400,2400,3400,2400,3400,27,200,FR,all,1,H
16,2200,3200,2400,3000,2400,3000,27,200,FR,all,1,H
17,1600,3600,1600,2600,1600,2600,27,200,FR,all,1,H
18,1600,2400,1600,2400,1600,2400,27,200,FR,all,1,H
19,1800,3400,1800,3400,1800,3400,27,200,FR,all,1,H
20,2400,3800,2400,3800,2400,3800,27,200,FR,all,1,H
21,1600,3200,1600,3000,1600,3000,27,200,FR,all,1,H
22,2000,3600,2000,3400,2000,3400,27,200,FR,all,1,H
23,2000,2800,2200,2600,2200,2600,27,200,FR,all,1,H
24,NA,NA,NA,NA,NA,NA,27,200,FR,all,1,H
25,2600,3600,2600,3400,2600,3400,27,200,FR,all,1,H
26,2200,2600,NA,NA,NA,NA,27,200,FR,all,1,H
27,1800,3000,1800,3000,1800,3000,27,200,FR,all,1,H
28,1600,2800,1600,2800,1600,2800,27,200,FR,all,1,H
29,2200,3000,2200,3000,2200,3000,27,200,FR,all,1,H
30,1600,2800,1600,2800,1600,2800,27,200,FR,all,1,H
31,2600,3800,2600,3800,2600,3800,27,200,FR,all,1,H
32,2000,3200,2000,3200,2000,3200,27,200,FR,all,1,H
33,2800,3800,3000,3600,3000,3600,27,200,FR,all,1,H
34,1600,3800,1600,3800,1600,3800,27,200,FR,all,1,H
35,2200,3600,2400,3600,2400,3600,27,200,FR,all,1,H
36,1600,2600,1600,2600,1600,2600,27,200,FR,all,1,H
37,1600,2600,1600,2600,1600,2600,27,200,FR,all,1,H
1,1600,2800,1600,2800,1600,2800,28,200,FR,all,1,H
2,2400,3800,2400,3800,2400,3800,28,200,FR,all,1,H
3,2200,3000,2200,3000,2200,3000,28,200,FR,all,1,H
4,1600,2800,1600,2800,1600,2800,28,200,FR,all,1,H
5,1600,3200,1600,3000,1600,3000,28,200,FR,all,1,H
6,NA,NA,NA,NA,NA,NA,28,200,FR,all,1,H
7,1600,2400,1600,2400,1600,2400,28,200,FR,all,1,H
8,1800,3000,1800,2800,1800,2800,28,200,FR,all,1,H
9,2400,3200,2400,3200,2400,3200,28,200,FR,all,1,H
10,2400,3400,2400,3200,2400,3200,28,200,FR,all,1,H
11,2000,3400,2200,3400,2200,3400,28,200,FR,all,1,H
12,1600,3200,1600,3000,1600,3000,28,200,FR,all,1,H
13,2600,3400,2800,3400,2800,3400,28,200,FR,all,1,H
14,2400,2400,NA,NA,NA,NA,28,200,FR,all,1,H
15,2400,3400,2400,3400,2400,3400,28,200,FR,all,1,H
16,2200,3200,2400,3200,2400,3200,28,200,FR,all,1,H
17,1600,3600,1600,3600,1600,3600,28,200,FR,all,1,H
18,1600,2400,1600,2400,1600,2400,28,200,FR,all,1,H
19,1800,3400,1800,3400,1800,3400,28,200,FR,all,1,H
20,2400,3800,2400,3800,2400,3800,28,200,FR,all,1,H
21,1600,3200,1600,3000,1600,3000,28,200,FR,all,1,H
22,2000,3600,2000,3400,2000,3400,28,200,FR,all,1,H
23,2000,2800,2200,2600,2200,2600,28,200,FR,all,1,H
24,NA,NA,NA,NA,NA,NA,28,200,FR,all,1,H
25,2600,3600,2800,3400,2800,3400,28,200,FR,all,1,H
26,2200,2600,NA,NA,NA,NA,28,200,FR,all,1,H
27,1800,3000,1800,3000,1800,3000,28,200,FR,all,1,H
28,1600,2800,1600,2600,1600,2600,28,200,FR,all,1,H
29,2200,3000,2200,3000,2200,3000,28,200,FR,all,1,H
30,1600,2800,1600,2800,1600,2800,28,200,FR,all,1,H
31,2600,3800,2600,3600,2600,3600,28,200,FR,all,1,H
32,2000,3200,2000,3200,2000,3200,28,200,FR,all,1,H
33,2800,3800,NA,NA,NA,NA,28,200,FR,all,1,H
34,1600,3800,1600,3800,1600,3800,28,200,FR,all,1,H
35,2200,3600,2400,3600,2400,3600,28,200,FR,all,1,H
36,1600,2600,1600,2600,1600,2600,28,200,FR,all,1,H
37,1600,2600,1600,2600,1600,2600,28,200,FR,all,1,H
1,1600,2800,1600,2600,1600,2600,29,200,FR,all,1,H
2,2400,3800,2400,3600,2400,3600,29,200,FR,all,1,H
3,2200,3000,2200,3000,2200,3000,29,200,FR,all,1,H
4,1600,2800,1600,2800,1600,2800,29,200,FR,all,1,H
5,1600,3200,1600,3000,1600,3000,29,200,FR,all,1,H
6,NA,NA,NA,NA,NA,NA,29,200,FR,all,1,H
7,1600,2400,1600,2400,1600,2400,29,200,FR,all,1,H
8,1800,3000,2400,3000,2400,3000,29,200,FR,all,1,H
9,2400,3200,2400,3200,2400,3200,29,200,FR,all,1,H
10,2400,3400,2400,3200,2400,3200,29,200,FR,all,1,H
11,2000,3400,2200,3400,2200,3400,29,200,FR,all,1,H
12,1600,3200,1600,3200,1600,3200,29,200,FR,all,1,H
13,2600,3400,2600,3400,2600,3400,29,200,FR,all,1,H
14,2400,2400,NA,NA,NA,NA,29,200,FR,all,1,H
15,2400,3400,2400,3400,2400,3400,29,200,FR,all,1,H
16,2200,3200,2400,2800,2400,2800,29,200,FR,all,1,H
17,1600,3600,1600,3600,1600,3600,29,200,FR,all,1,H
18,1600,2400,1600,2400,1600,2400,29,200,FR,all,1,H
19,1800,3400,1800,3400,1800,3400,29,200,FR,all,1,H
20,2400,3800,2400,3800,2400,3800,29,200,FR,all,1,H
21,1600,3200,1600,3000,1600,3000,29,200,FR,all,1,H
22,2000,3600,2000,3600,2000,3600,29,200,FR,all,1,H
23,2000,2800,2200,2600,2200,2600,29,200,FR,all,1,H
24,NA,NA,NA,NA,NA,NA,29,200,FR,all,1,H
25,2600,3600,2800,3400,2800,3400,29,200,FR,all,1,H
26,2200,2600,NA,NA,NA,NA,29,200,FR,all,1,H
27,1800,3000,1800,3000,1800,3000,29,200,FR,all,1,H
28,1600,2800,1600,2800,1600,2800,29,200,FR,all,1,H
29,2200,3000,2200,3000,2200,3000,29,200,FR,all,1,H
30,1600,2800,1600,2800,1600,2800,29,200,FR,all,1,H
31,2600,3800,2600,3800,2600,3800,29,200,FR,all,1,H
32,2000,3200,2000,3200,2000,3200,29,200,FR,all,1,H
33,2800,3800,NA,NA,NA,NA,29,200,FR,all,1,H
34,1600,3800,1600,3800,1600,3800,29,200,FR,all,1,H
35,2200,3600,2400,3600,2400,3600,29,200,FR,all,1,H
36,1600,2600,1600,2600,1600,2600,29,200,FR,all,1,H
37,1600,2600,1600,2600,1600,2600,29,200,FR,all,1,H
1,1600,2800,1600,2800,1600,2800,30,200,FR,all,1,H
2,2400,3800,2400,3800,2400,3800,30,200,FR,all,1,H
3,2200,3000,2200,3000,2200,3000,30,200,FR,all,1,H
4,1600,2800,1600,2800,1600,2800,30,200,FR,all,1,H
5,1600,3200,1600,3000,1600,3000,30,200,FR,all,1,H
6,NA,NA,NA,NA,NA,NA,30,200,FR,all,1,H
7,1600,2400,1600,2400,1600,2400,30,200,FR,all,1,H
8,1800,3000,1800,3000,1800,3000,30,200,FR,all,1,H
9,2400,3200,2400,3200,2400,3200,30,200,FR,all,1,H
10,2400,3400,2400,3200,2400,3200,30,200,FR,all,1,H
11,2000,3400,2200,3400,2200,3400,30,200,FR,all,1,H
12,1600,3200,1600,3000,1600,3000,30,200,FR,all,1,H
13,2600,3400,2600,3400,2600,3400,30,200,FR,all,1,H
14,2400,2400,NA,NA,NA,NA,30,200,FR,all,1,H
15,2400,3400,2400,3400,2400,3400,30,200,FR,all,1,H
16,2200,3200,2400,3200,2400,3200,30,200,FR,all,1,H
17,1600,3600,1600,2600,1600,2600,30,200,FR,all,1,H
18,1600,2400,1600,2400,1600,2400,30,200,FR,all,1,H
19,1800,3400,1800,3400,1800,3400,30,200,FR,all,1,H
20,2400,3800,2400,3800,2400,3800,30,200,FR,all,1,H
21,1600,3200,1600,3000,1600,3000,30,200,FR,all,1,H
22,2000,3600,2000,3600,2000,3600,30,200,FR,all,1,H
23,2000,2800,2200,2600,2200,2600,30,200,FR,all,1,H
24,NA,NA,NA,NA,NA,NA,30,200,FR,all,1,H
25,2600,3600,2800,3400,2800,3400,30,200,FR,all,1,H
26,2200,2600,NA,NA,NA,NA,30,200,FR,all,1,H
27,1800,3000,1800,3000,1800,3000,30,200,FR,all,1,H
28,1600,2800,1600,2600,1600,2600,30,200,FR,all,1,H
29,2200,3000,2200,3000,2200,3000,30,200,FR,all,1,H
30,1600,2800,1600,2800,1600,2800,30,200,FR,all,1,H
31,2600,3800,2600,3600,2600,3600,30,200,FR,all,1,H
32,2000,3200,2000,3200,2000,3200,30,200,FR,all,1,H
33,2800,3800,NA,NA,NA,NA,30,200,FR,all,1,H
34,1600,3800,1600,3800,1600,3800,30,200,FR,all,1,H
35,2200,3600,2400,3600,2400,3600,30,200,FR,all,1,H
36,1600,2600,1600,2600,1600,2600,30,200,FR,all,1,H
37,1600,2600,1600,2600,1600,2600,30,200,FR,all,1,H
1,1600,2800,1600,2600,1600,2600,31,200,FR,all,1,H
2,2400,3800,2600,3800,2600,3800,31,200,FR,all,1,H
3,2200,3000,2200,3000,2200,3000,31,200,FR,all,1,H
4,1600,2800,1600,2800,1600,2800,31,200,FR,all,1,H
5,1600,3200,1600,3000,1600,3000,31,200,FR,all,1,H
6,NA,NA,NA,NA,NA,NA,31,200,FR,all,1,H
7,1600,2400,1600,2400,1600,2400,31,200,FR,all,1,H
8,1800,3000,1800,2400,1800,2400,31,200,FR,all,1,H
9,2400,3200,2400,3200,2400,3200,31,200,FR,all,1,H
10,2400,3400,2400,3200,2400,3200,31,200,FR,all,1,H
11,2000,3400,2200,3400,2200,3400,31,200,FR,all,1,H
12,1600,3200,1600,3000,1600,3000,31,200,FR,all,1,H
13,2600,3400,2800,3400,2800,3400,31,200,FR,all,1,H
14,2400,2400,NA,NA,NA,NA,31,200,FR,all,1,H
15,2400,3400,2400,3400,2400,3400,31,200,FR,all,1,H
16,2200,3200,2400,3000,2400,3000,31,200,FR,all,1,H
17,1600,3600,1600,2600,1600,2600,31,200,FR,all,1,H
18,1600,2400,1600,2400,1600,2400,31,200,FR,all,1,H
19,1800,3400,1800,3400,1800,3400,31,200,FR,all,1,H
20,2400,3800,2400,3800,2400,3800,31,200,FR,all,1,H
21,1600,3200,1600,3000,1600,3000,31,200,FR,all,1,H
22,2000,3600,2000,3400,2000,3400,31,200,FR,all,1,H
23,2000,2800,2200,2600,2200,2600,31,200,FR,all,1,H
24,NA,NA,NA,NA,NA,NA,31,200,FR,all,1,H
25,2600,3600,2800,3400,2800,3400,31,200,FR,all,1,H
26,2200,2600,NA,NA,NA,NA,31,200,FR,all,1,H
27,1800,3000,1800,3000,1800,3000,31,200,FR,all,1,H
28,1600,2800,1600,2600,1600,2600,31,200,FR,all,1,H
29,2200,3000,2200,3000,2200,3000,31,200,FR,all,1,H
30,1600,2800,1600,2800,1600,2800,31,200,FR,all,1,H
31,2600,3800,2600,3600,2600,3600,31,200,FR,all,1,H
32,2000,3200,2000,3200,2000,3200,31,200,FR,all,1,H
33,2800,3800,NA,NA,NA,NA,31,200,FR,all,1,H
34,1600,3800,1600,3800,1600,3800,31,200,FR,all,1,H
35,2200,3600,2400,3600,2400,3600,31,200,FR,all,1,H
36,1600,2600,1600,2600,1600,2600,31,200,FR,all,1,H
37,1600,2600,1600,2600,1600,2600,31,200,FR,all,1,H
1,1600,2800,1600,2600,1600,2600,32,200,FR,all,1,H
2,2400,3800,2400,3600,2400,3600,32,200,FR,all,1,H
3,2200,3000,2200,3000,2200,3000,32,200,FR,all,1,H
4,1600,2800,1600,2800,1600,2800,32,200,FR,all,1,H
5,1600,3200,1600,3000,1600,3000,32,200,FR,all,1,H
6,NA,NA,NA,NA,NA,NA,32,200,FR,all,1,H
7,1600,2400,1600,2400,1600,2400,32,200,FR,all,1,H
8,1800,3000,2400,2600,2400,2600,32,200,FR,all,1,H
9,2400,3200,2400,3200,2400,3200,32,200,FR,all,1,H
10,2400,3400,2400,3200,2400,3200,32,200,FR,all,1,H
11,2000,3400,2200,3400,2200,3400,32,200,FR,all,1,H
12,1600,3200,1600,3000,1600,3000,32,200,FR,all,1,H
13,2600,3400,2600,3400,2600,3400,32,200,FR,all,1,H
14,2400,2400,NA,NA,NA,NA,32,200,FR,all,1,H
15,2400,3400,2400,3400,2400,3400,32,200,FR,all,1,H
16,2200,3200,2400,3000,2400,3000,32,200,FR,all,1,H
17,1600,3600,1600,3600,1600,3600,32,200,FR,all,1,H
18,1600,2400,1600,2400,1600,2400,32,200,FR,all,1,H
19,1800,3400,1800,3400,1800,3400,32,200,FR,all,1,H
20,2400,3800,2400,3800,2400,3800,32,200,FR,all,1,H
21,1600,3200,1600,3000,1600,3000,32,200,FR,all,1,H
22,2000,3600,2000,3400,2000,3400,32,200,FR,all,1,H
23,2000,2800,2200,2600,2200,2600,32,200,FR,all,1,H
24,NA,NA,NA,NA,NA,NA,32,200,FR,all,1,H
25,2600,3600,2600,3400,2600,3400,32,200,FR,all,1,H
26,2200,2600,NA,NA,NA,NA,32,200,FR,all,1,H
27,1800,3000,1800,3000,1800,3000,32,200,FR,all,1,H
28,1600,2800,1600,2800,1600,2800,32,200,FR,all,1,H
29,2200,3000,2200,3000,2200,3000,32,200,FR,all,1,H
30,1600,2800,1600,2800,1600,2800,32,200,FR,all,1,H
31,2600,3800,2600,3600,2600,3600,32,200,FR,all,1,H
32,2000,3200,2000,3200,2000,3200,32,200,FR,all,1,H
33,2800,3800,3000,3000,3000,3000,32,200,FR,all,1,H
34,1600,3800,1600,3800,1600,3800,32,200,FR,all,1,H
35,2200,3600,2400,3600,2400,3600,32,200,FR,all,1,H
36,1600,2600,1600,2600,1600,2600,32,200,FR,all,1,H
37,1600,2600,1600,2600,1600,2600,32,200,FR,all,1,H
1,1600,2800,1600,2800,1600,2800,33,200,FR,all,1,H
2,2400,3800,2400,3800,2400,3800,33,200,FR,all,1,H
3,2200,3000,2200,3000,2200,3000,33,200,FR,all,1,H
4,1600,2800,1600,2800,1600,2800,33,200,FR,all,1,H
5,1600,3200,1600,3000,1600,3000,33,200,FR,all,1,H
6,NA,NA,NA,NA,NA,NA,33,200,FR,all,1,H
7,1600,2400,1600,2400,1600,2400,33,200,FR,all,1,H
8,1800,3000,1800,1800,1800,1800,33,200,FR,all,1,H
9,2400,3200,2400,3200,2400,3200,33,200,FR,all,1,H
10,2400,3400,2400,3200,2400,3200,33,200,FR,all,1,H
11,2000,3400,2200,3400,2200,3400,33,200,FR,all,1,H
12,1600,3200,1600,3000,1600,3000,33,200,FR,all,1,H
13,2600,3400,2600,3400,2600,3400,33,200,FR,all,1,H
14,2400,2400,NA,NA,NA,NA,33,200,FR,all,1,H
15,2400,3400,2400,3400,2400,3400,33,200,FR,all,1,H
16,2200,3200,2400,3200,2400,3200,33,200,FR,all,1,H
17,1600,3600,1600,2600,1600,2600,33,200,FR,all,1,H
18,1600,2400,1600,2400,1600,2400,33,200,FR,all,1,H
19,1800,3400,1800,3400,1800,3400,33,200,FR,all,1,H
20,2400,3800,2400,3800,2400,3800,33,200,FR,all,1,H
21,1600,3200,1600,3000,1600,3000,33,200,FR,all,1,H
22,2000,3600,2000,3400,2000,3400,33,200,FR,all,1,H
23,2000,2800,2200,2600,2200,2600,33,200,FR,all,1,H
24,NA,NA,NA,NA,NA,NA,33,200,FR,all,1,H
25,2600,3600,2800,3400,2800,3400,33,200,FR,all,1,H
26,2200,2600,NA,NA,NA,NA,33,200,FR,all,1,H
27,1800,3000,1800,3000,1800,3000,33,200,FR,all,1,H
28,1600,2800,1600,2600,1600,2600,33,200,FR,all,1,H
29,2200,3000,2200,3000,2200,3000,33,200,FR,all,1,H
30,1600,2800,1600,2800,1600,2800,33,200,FR,all,1,H
31,2600,3800,2600,3600,2600,3600,33,200,FR,all,1,H
32,2000,3200,2000,3200,2000,3200,33,200,FR,all,1,H
33,2800,3800,3000,3000,3000,3000,33,200,FR,all,1,H
34,1600,3800,1600,3800,1600,3800,33,200,FR,all,1,H
35,2200,3600,2400,3600,2400,3600,33,200,FR,all,1,H
36,1600,2600,1600,2600,1600,2600,33,200,FR,all,1,H
37,1600,2600,1600,2600,1600,2600,33,200,FR,all,1,H
1,1600,2800,1600,2600,1600,2600,34,200,FR,all,1,H
2,2400,3800,2400,3800,2400,3800,34,200,FR,all,1,H
3,2200,3000,2200,3000,2200,3000,34,200,FR,all,1,H
4,1600,2800,1600,2800,1600,2800,34,200,FR,all,1,H
5,1600,3200,1600,3000,1600,3000,34,200,FR,all,1,H
6,NA,NA,NA,NA,NA,NA,34,200,FR,all,1,H
7,1600,2400,1600,2400,1600,2400,34,200,FR,all,1,H
8,1800,3000,1800,2400,1800,2400,34,200,FR,all,1,H
9,2400,3200,2400,3200,2400,3200,34,200,FR,all,1,H
10,2400,3400,2400,3200,2400,3200,34,200,FR,all,1,H
11,2000,3400,2200,3400,2200,3400,34,200,FR,all,1,H
12,1600,3200,1600,3000,1600,3000,34,200,FR,all,1,H
13,2600,3400,2600,3400,2600,3400,34,200,FR,all,1,H
14,2400,2400,NA,NA,NA,NA,34,200,FR,all,1,H
15,2400,3400,2400,3400,2400,3400,34,200,FR,all,1,H
16,2200,3200,2200,3200,2200,3200,34,200,FR,all,1,H
17,1600,3600,1600,2600,1600,2600,34,200,FR,all,1,H
18,1600,2400,1600,2400,1600,2400,34,200,FR,all,1,H
19,1800,3400,1800,3400,1800,3400,34,200,FR,all,1,H
20,2400,3800,2400,3800,2400,3800,34,200,FR,all,1,H
21,1600,3200,1600,3000,1600,3000,34,200,FR,all,1,H
22,2000,3600,2000,3400,2000,3400,34,200,FR,all,1,H
23,2000,2800,2200,2600,2200,2600,34,200,FR,all,1,H
24,NA,NA,NA,NA,NA,NA,34,200,FR,all,1,H
25,2600,3600,2600,3400,2600,3400,34,200,FR,all,1,H
26,2200,2600,NA,NA,NA,NA,34,200,FR,all,1,H
27,1800,3000,1800,3000,1800,3000,34,200,FR,all,1,H
28,1600,2800,1600,2800,1600,2800,34,200,FR,all,1,H
29,2200,3000,2200,3000,2200,3000,34,200,FR,all,1,H
30,1600,2800,1600,2800,1600,2800,34,200,FR,all,1,H
31,2600,3800,2600,3600,2600,3600,34,200,FR,all,1,H
32,2000,3200,2000,3200,2000,3200,34,200,FR,all,1,H
33,2800,3800,3600,3600,3600,3600,34,200,FR,all,1,H
34,1600,3800,1600,3800,1600,3800,34,200,FR,all,1,H
35,2200,3600,2400,3600,2400,3600,34,200,FR,all,1,H
36,1600,2600,1600,2600,1600,2600,34,200,FR,all,1,H
37,1600,2600,1600,2600,1600,2600,34,200,FR,all,1,H
1,1600,2800,1600,2600,1600,2600,35,200,FR,all,1,H
2,2400,3800,2400,3800,2400,3800,35,200,FR,all,1,H
3,2200,3000,2200,3000,2200,3000,35,200,FR,all,1,H
4,1600,2800,1600,2800,1600,2800,35,200,FR,all,1,H
5,1600,3200,1600,3000,1600,3000,35,200,FR,all,1,H
6,NA,NA,NA,NA,NA,NA,35,200,FR,all,1,H
7,1600,2400,1600,2200,1600,2200,35,200,FR,all,1,H
8,1800,3000,2400,2600,2400,2600,35,200,FR,all,1,H
9,2400,3200,2400,3200,2400,3200,35,200,FR,all,1,H
10,2400,3400,2400,3200,2400,3200,35,200,FR,all,1,H
11,2000,3400,2200,3400,2200,3400,35,200,FR,all,1,H
12,1600,3200,1600,3200,1600,3200,35,200,FR,all,1,H
13,2600,3400,2600,3400,2600,3400,35,200,FR,all,1,H
14,2400,2400,NA,NA,NA,NA,35,200,FR,all,1,H
15,2400,3400,2400,3400,2400,3400,35,200,FR,all,1,H
16,2200,3200,2400,3200,2400,3200,35,200,FR,all,1,H
17,1600,3600,1600,2600,1600,2600,35,200,FR,all,1,H
18,1600,2400,1600,2400,1600,2400,35,200,FR,all,1,H
19,1800,3400,1800,3400,1800,3400,35,200,FR,all,1,H
20,2400,3800,2400,3800,2400,3800,35,200,FR,all,1,H
21,1600,3200,1600,3000,1600,3000,35,200,FR,all,1,H
22,2000,3600,2000,3600,2000,3600,35,200,FR,all,1,H
23,2000,2800,2200,2600,2200,2600,35,200,FR,all,1,H
24,NA,NA,NA,NA,NA,NA,35,200,FR,all,1,H
25,2600,3600,2800,3400,2800,3400,35,200,FR,all,1,H
26,2200,2600,NA,NA,NA,NA,35,200,FR,all,1,H
27,1800,3000,1800,3000,1800,3000,35,200,FR,all,1,H
28,1600,2800,1600,2800,1600,2800,35,200,FR,all,1,H
29,2200,3000,2200,3000,2200,3000,35,200,FR,all,1,H
30,1600,2800,1600,2800,1600,2800,35,200,FR,all,1,H
31,2600,3800,2600,3600,2600,3600,35,200,FR,all,1,H
32,2000,3200,2000,3200,2000,3200,35,200,FR,all,1,H
33,2800,3800,3000,3000,3000,3000,35,200,FR,all,1,H
34,1600,3800,1600,3800,1600,3800,35,200,FR,all,1,H
35,2200,3600,2400,3600,2400,3600,35,200,FR,all,1,H
36,1600,2600,1600,2600,1600,2600,35,200,FR,all,1,H
37,1600,2600,1600,2600,1600,2600,35,200,FR,all,1,H
1,1600,2800,1600,2600,1600,2600,36,200,FR,all,1,H
2,2400,3800,2400,3800,2400,3800,36,200,FR,all,1,H
3,2200,3000,2200,3000,2200,3000,36,200,FR,all,1,H
4,1600,2800,1600,2800,1600,2800,36,200,FR,all,1,H
5,1600,3200,1600,3000,1600,3000,36,200,FR,all,1,H
6,NA,NA,NA,NA,NA,NA,36,200,FR,all,1,H
7,1600,2400,1600,2400,1600,2400,36,200,FR,all,1,H
8,1800,3000,1800,3000,1800,3000,36,200,FR,all,1,H
9,2400,3200,2400,3200,2400,3200,36,200,FR,all,1,H
10,2400,3400,2400,3200,2400,3200,36,200,FR,all,1,H
11,2000,3400,2200,3400,2200,3400,36,200,FR,all,1,H
12,1600,3200,1600,3000,1600,3000,36,200,FR,all,1,H
13,2600,3400,2600,3400,2600,3400,36,200,FR,all,1,H
14,2400,2400,NA,NA,NA,NA,36,200,FR,all,1,H
15,2400,3400,2400,3400,2400,3400,36,200,FR,all,1,H
16,2200,3200,2400,3200,2400,3200,36,200,FR,all,1,H
17,1600,3600,1600,3600,1600,3600,36,200,FR,all,1,H
18,1600,2400,1600,2400,1600,2400,36,200,FR,all,1,H
19,1800,3400,1800,3400,1800,3400,36,200,FR,all,1,H
20,2400,3800,2400,3800,2400,3800,36,200,FR,all,1,H
21,1600,3200,1600,3000,1600,3000,36,200,FR,all,1,H
22,2000,3600,2000,3600,2000,3600,36,200,FR,all,1,H
23,2000,2800,2200,2600,2200,2600,36,200,FR,all,1,H
24,NA,NA,NA,NA,NA,NA,36,200,FR,all,1,H
25,2600,3600,2600,3400,2600,3400,36,200,FR,all,1,H
26,2200,2600,NA,NA,NA,NA,36,200,FR,all,1,H
27,1800,3000,1800,3000,1800,3000,36,200,FR,all,1,H
28,1600,2800,1600,2600,1600,2600,36,200,FR,all,1,H
29,2200,3000,2200,3000,2200,3000,36,200,FR,all,1,H
30,1600,2800,1600,2800,1600,2800,36,200,FR,all,1,H
31,2600,3800,2600,3600,2600,3600,36,200,FR,all,1,H
32,2000,3200,2000,3200,2000,3200,36,200,FR,all,1,H
33,2800,3800,3000,3600,3000,3600,36,200,FR,all,1,H
34,1600,3800,1600,3800,1600,3800,36,200,FR,all,1,H
35,2200,3600,2400,3600,2400,3600,36,200,FR,all,1,H
36,1600,2600,1600,2600,1600,2600,36,200,FR,all,1,H
37,1600,2600,1600,2600,1600,2600,36,200,FR,all,1,H
1,1600,2800,1600,2600,1600,2600,37,200,FR,all,1,H
2,2400,3800,2400,3800,2400,3800,37,200,FR,all,1,H
3,2200,3000,2200,3000,2200,3000,37,200,FR,all,1,H
4,1600,2800,1600,2800,1600,2800,37,200,FR,all,1,H
5,1600,3200,1600,3000,1600,3000,37,200,FR,all,1,H
6,NA,NA,NA,NA,NA,NA,37,200,FR,all,1,H
7,1600,2400,1600,2400,1600,2400,37,200,FR,all,1,H
8,1800,3000,1800,3000,1800,3000,37,200,FR,all,1,H
9,2400,3200,2400,3200,2400,3200,37,200,FR,all,1,H
10,2400,3400,2400,3200,2400,3200,37,200,FR,all,1,H
11,2000,3400,2200,3400,2200,3400,37,200,FR,all,1,H
12,1600,3200,1600,3000,1600,3000,37,200,FR,all,1,H
13,2600,3400,2800,3400,2800,3400,37,200,FR,all,1,H
14,2400,2400,NA,NA,NA,NA,37,200,FR,all,1,H
15,2400,3400,2400,3400,2400,3400,37,200,FR,all,1,H
16,2200,3200,2400,3000,2400,3000,37,200,FR,all,1,H
17,1600,3600,1600,2600,1600,2600,37,200,FR,all,1,H
18,1600,2400,1600,2400,1600,2400,37,200,FR,all,1,H
19,1800,3400,1800,3400,1800,3400,37,200,FR,all,1,H
20,2400,3800,2400,3800,2400,3800,37,200,FR,all,1,H
21,1600,3200,1600,3000,1600,3000,37,200,FR,all,1,H
22,2000,3600,2000,3400,2000,3400,37,200,FR,all,1,H
23,2000,2800,2200,2600,2200,2600,37,200,FR,all,1,H
24,NA,NA,NA,NA,NA,NA,37,200,FR,all,1,H
25,2600,3600,3000,3400,3000,3400,37,200,FR,all,1,H
26,2200,2600,NA,NA,NA,NA,37,200,FR,all,1,H
27,1800,3000,1800,3000,1800,3000,37,200,FR,all,1,H
28,1600,2800,1600,2800,1600,2800,37,200,FR,all,1,H
29,2200,3000,2200,3000,2200,3000,37,200,FR,all,1,H
30,1600,2800,1600,2800,1600,2800,37,200,FR,all,1,H
31,2600,3800,2600,3600,2600,3600,37,200,FR,all,1,H
32,2000,3200,2000,3200,2000,3200,37,200,FR,all,1,H
33,2800,3800,3400,3400,3400,3400,37,200,FR,all,1,H
34,1600,3800,1600,3800,1600,3800,37,200,FR,all,1,H
35,2200,3600,2400,3600,2400,3600,37,200,FR,all,1,H
36,1600,2600,1600,2600,1600,2600,37,200,FR,all,1,H
37,1600,2600,1600,2600,1600,2600,37,200,FR,all,1,H
1,1600,2800,1600,2600,1600,2600,38,200,FR,all,1,H
2,2400,3800,2400,3800,2400,3800,38,200,FR,all,1,H
3,2200,3000,2200,3000,2200,3000,38,200,FR,all,1,H
4,1600,2800,1600,2800,1600,2800,38,200,FR,all,1,H
5,1600,3200,1600,3000,1600,3000,38,200,FR,all,1,H
6,NA,NA,NA,NA,NA,NA,38,200,FR,all,1,H
7,1600,2400,1600,2400,1600,2400,38,200,FR,all,1,H
8,1800,3000,2400,2400,2400,2400,38,200,FR,all,1,H
9,2400,3200,2400,3200,2400,3200,38,200,FR,all,1,H
10,2400,3400,2400,3200,2400,3200,38,200,FR,all,1,H
11,2000,3400,2200,3400,2200,3400,38,200,FR,all,1,H
12,1600,3200,1600,3000,1600,3000,38,200,FR,all,1,H
13,2600,3400,2600,3400,2600,3400,38,200,FR,all,1,H
14,2400,2400,NA,NA,NA,NA,38,200,FR,all,1,H
15,2400,3400,2400,3400,2400,3400,38,200,FR,all,1,H
16,2200,3200,2400,3000,2400,3000,38,200,FR,all,1,H
17,1600,3600,1600,2600,1600,2600,38,200,FR,all,1,H
18,1600,2400,1600,2400,1600,2400,38,200,FR,all,1,H
19,1800,3400,1800,3400,1800,3400,38,200,FR,all,1,H
20,2400,3800,2400,3800,2400,3800,38,200,FR,all,1,H
21,1600,3200,1600,3000,1600,3000,38,200,FR,all,1,H
22,2000,3600,2000,3400,2000,3400,38,200,FR,all,1,H
23,2000,2800,2200,2600,2200,2600,38,200,FR,all,1,H
24,NA,NA,NA,NA,NA,NA,38,200,FR,all,1,H
25,2600,3600,2800,3400,2800,3400,38,200,FR,all,1,H
26,2200,2600,NA,NA,NA,NA,38,200,FR,all,1,H
27,1800,3000,1800,3000,1800,3000,38,200,FR,all,1,H
28,1600,2800,1600,2800,1600,2800,38,200,FR,all,1,H
29,2200,3000,2200,3000,2200,3000,38,200,FR,all,1,H
30,1600,2800,1600,2800,1600,2800,38,200,FR,all,1,H
31,2600,3800,2600,3600,2600,3600,38,200,FR,all,1,H
32,2000,3200,2000,3200,2000,3200,38,200,FR,all,1,H
33,2800,3800,3400,3400,3400,3400,38,200,FR,all,1,H
34,1600,3800,1600,3800,1600,3800,38,200,FR,all,1,H
35,2200,3600,2400,3600,2400,3600,38,200,FR,all,1,H
36,1600,2600,1600,2600,1600,2600,38,200,FR,all,1,H
37,1600,2600,1600,2600,1600,2600,38,200,FR,all,1,H
1,1600,2800,1600,2600,1600,2600,39,200,FR,all,1,H
2,2400,3800,2400,3800,2400,3800,39,200,FR,all,1,H
3,2200,3000,2200,3000,2200,3000,39,200,FR,all,1,H
4,1600,2800,1600,2800,1600,2800,39,200,FR,all,1,H
5,1600,3200,1600,3000,1600,3000,39,200,FR,all,1,H
6,NA,NA,NA,NA,NA,NA,39,200,FR,all,1,H
7,1600,2400,1600,2400,1600,2400,39,200,FR,all,1,H
8,1800,3000,1800,2800,1800,2800,39,200,FR,all,1,H
9,2400,3200,2400,3200,2400,3200,39,200,FR,all,1,H
10,2400,3400,2400,3200,2400,3200,39,200,FR,all,1,H
11,2000,3400,2200,3400,2200,3400,39,200,FR,all,1,H
12,1600,3200,1600,3200,1600,3200,39,200,FR,all,1,H
13,2600,3400,2600,3400,2600,3400,39,200,FR,all,1,H
14,2400,2400,NA,NA,NA,NA,39,200,FR,all,1,H
15,2400,3400,2400,3400,2400,3400,39,200,FR,all,1,H
16,2200,3200,2400,3000,2400,3000,39,200,FR,all,1,H
17,1600,3600,1600,2600,1600,2600,39,200,FR,all,1,H
18,1600,2400,1600,2400,1600,2400,39,200,FR,all,1,H
19,1800,3400,1800,3400,1800,3400,39,200,FR,all,1,H
20,2400,3800,2400,3800,2400,3800,39,200,FR,all,1,H
21,1600,3200,1600,3000,1600,3000,39,200,FR,all,1,H
22,2000,3600,2000,3400,2000,3400,39,200,FR,all,1,H
23,2000,2800,2200,2600,2200,2600,39,200,FR,all,1,H
24,NA,NA,NA,NA,NA,NA,39,200,FR,all,1,H
25,2600,3600,2800,3400,2800,3400,39,200,FR,all,1,H
26,2200,2600,NA,NA,NA,NA,39,200,FR,all,1,H
27,1800,3000,1800,3000,1800,3000,39,200,FR,all,1,H
28,1600,2800,1600,2600,1600,2600,39,200,FR,all,1,H
29,2200,3000,2200,3000,2200,3000,39,200,FR,all,1,H
30,1600,2800,1600,2800,1600,2800,39,200,FR,all,1,H
31,2600,3800,2600,3600,2600,3600,39,200,FR,all,1,H
32,2000,3200,2000,3200,2000,3200,39,200,FR,all,1,H
33,2800,3800,3000,3400,3000,3400,39,200,FR,all,1,H
34,1600,3800,1600,3600,1600,3600,39,200,FR,all,1,H
35,2200,3600,2400,3600,2400,3600,39,200,FR,all,1,H
36,1600,2600,1600,2600,1600,2600,39,200,FR,all,1,H
37,1600,2600,1600,2600,1600,2600,39,200,FR,all,1,H
1,1600,2800,1600,2600,1600,2600,40,200,FR,all,1,H
2,2400,3800,2400,3800,2400,3800,40,200,FR,all,1,H
3,2200,3000,2200,3000,2200,3000,40,200,FR,all,1,H
4,1600,2800,1600,2800,1600,2800,40,200,FR,all,1,H
5,1600,3200,1600,3000,1600,3000,40,200,FR,all,1,H
6,NA,NA,NA,NA,NA,NA,40,200,FR,all,1,H
7,1600,2400,1600,2400,1600,2400,40,200,FR,all,1,H
8,1800,3000,1800,3000,1800,3000,40,200,FR,all,1,H
9,2400,3200,2400,3200,2400,3200,40,200,FR,all,1,H
10,2400,3400,2400,3200,2400,3200,40,200,FR,all,1,H
11,2000,3400,2200,3400,2200,3400,40,200,FR,all,1,H
12,1600,3200,1600,3200,1600,3200,40,200,FR,all,1,H
13,2600,3400,2600,3400,2600,3400,40,200,FR,all,1,H
14,2400,2400,NA,NA,NA,NA,40,200,FR,all,1,H
15,2400,3400,2400,3400,2400,3400,40,200,FR,all,1,H
16,2200,3200,2400,3000,2400,3000,40,200,FR,all,1,H
17,1600,3600,1600,2600,1600,2600,40,200,FR,all,1,H
18,1600,2400,1600,2400,1600,2400,40,200,FR,all,1,H
19,1800,3400,1800,3400,1800,3400,40,200,FR,all,1,H
20,2400,3800,2400,3800,2400,3800,40,200,FR,all,1,H
21,1600,3200,1600,3000,1600,3000,40,200,FR,all,1,H
22,2000,3600,2000,3600,2000,3600,40,200,FR,all,1,H
23,2000,2800,2200,2600,2200,2600,40,200,FR,all,1,H
24,NA,NA,NA,NA,NA,NA,40,200,FR,all,1,H
25,2600,3600,2800,3400,2800,3400,40,200,FR,all,1,H
26,2200,2600,NA,NA,NA,NA,40,200,FR,all,1,H
27,1800,3000,1800,3000,1800,3000,40,200,FR,all,1,H
28,1600,2800,1600,2600,1600,2600,40,200,FR,all,1,H
29,2200,3000,2200,3000,2200,3000,40,200,FR,all,1,H
30,1600,2800,1600,2800,1600,2800,40,200,FR,all,1,H
31,2600,3800,2600,3600,2600,3600,40,200,FR,all,1,H
32,2000,3200,2000,3200,2000,3200,40,200,FR,all,1,H
33,2800,3800,3400,3400,3400,3400,40,200,FR,all,1,H
34,1600,3800,1600,3800,1600,3800,40,200,FR,all,1,H
35,2200,3600,2400,3600,2400,3600,40,200,FR,all,1,H
36,1600,2600,1600,2600,1600,2600,40,200,FR,all,1,H
37,1600,2600,1600,2600,1600,2600,40,200,FR,all,1,H
1,1600,2800,1600,2800,1600,2800,41,200,FR,all,1,H
2,2400,3800,2400,3800,2400,3800,41,200,FR,all,1,H
3,2200,3000,2200,3000,2200,3000,41,200,FR,all,1,H
4,1600,2800,1600,2800,1600,2800,41,200,FR,all,1,H
5,1600,3200,1600,3000,1600,3000,41,200,FR,all,1,H
6,NA,NA,NA,NA,NA,NA,41,200,FR,all,1,H
7,1600,2400,1600,2400,1600,2400,41,200,FR,all,1,H
8,1800,3000,1800,2600,1800,2600,41,200,FR,all,1,H
9,2400,3200,2400,3200,2400,3200,41,200,FR,all,1,H
10,2400,3400,2400,3200,2400,3200,41,200,FR,all,1,H
11,2000,3400,2200,3400,2200,3400,41,200,FR,all,1,H
12,1600,3200,1600,3000,1600,3000,41,200,FR,all,1,H
13,2600,3400,2600,3400,2600,3400,41,200,FR,all,1,H
14,2400,2400,NA,NA,NA,NA,41,200,FR,all,1,H
15,2400,3400,2400,3400,2400,3400,41,200,FR,all,1,H
16,2200,3200,2400,3200,2400,3200,41,200,FR,all,1,H
17,1600,3600,1600,3200,1600,3200,41,200,FR,all,1,H
18,1600,2400,1600,2400,1600,2400,41,200,FR,all,1,H
19,1800,3400,1800,3400,1800,3400,41,200,FR,all,1,H
20,2400,3800,2400,3800,2400,3800,41,200,FR,all,1,H
21,1600,3200,1600,3000,1600,3000,41,200,FR,all,1,H
22,2000,3600,2000,3600,2000,3600,41,200,FR,all,1,H
23,2000,2800,2200,2600,2200,2600,41,200,FR,all,1,H
24,NA,NA,NA,NA,NA,NA,41,200,FR,all,1,H
25,2600,3600,2800,3400,2800,3400,41,200,FR,all,1,H
26,2200,2600,NA,NA,NA,NA,41,200,FR,all,1,H
27,1800,3000,1800,3000,1800,3000,41,200,FR,all,1,H
28,1600,2800,1600,2800,1600,2800,41,200,FR,all,1,H
29,2200,3000,2200,3000,2200,3000,41,200,FR,all,1,H
30,1600,2800,1600,2800,1600,2800,41,200,FR,all,1,H
31,2600,3800,2600,3600,2600,3600,41,200,FR,all,1,H
32,2000,3200,2000,3200,2000,3200,41,200,FR,all,1,H
33,2800,3800,3600,3600,3600,3600,41,200,FR,all,1,H
34,1600,3800,1600,3800,1600,3800,41,200,FR,all,1,H
35,2200,3600,2400,3600,2400,3600,41,200,FR,all,1,H
36,1600,2600,1600,2600,1600,2600,41,200,FR,all,1,H
37,1600,2600,1600,2600,1600,2600,41,200,FR,all,1,H
1,1600,2800,1600,2600,1600,2600,42,200,FR,all,1,H
2,2400,3800,2400,3600,2400,3600,42,200,FR,all,1,H
3,2200,3000,2200,3000,2200,3000,42,200,FR,all,1,H
4,1600,2800,1600,2800,1600,2800,42,200,FR,all,1,H
5,1600,3200,1600,3000,1600,3000,42,200,FR,all,1,H
6,NA,NA,NA,NA,NA,NA,42,200,FR,all,1,H
7,1600,2400,1600,2400,1600,2400,42,200,FR,all,1,H
8,1800,3000,1800,2800,1800,2800,42,200,FR,all,1,H
9,2400,3200,2400,3200,2400,3200,42,200,FR,all,1,H
10,2400,3400,2400,3200,2400,3200,42,200,FR,all,1,H
11,2000,3400,2200,3400,2200,3400,42,200,FR,all,1,H
12,1600,3200,1600,3000,1600,3000,42,200,FR,all,1,H
13,2600,3400,2800,3400,2800,3400,42,200,FR,all,1,H
14,2400,2400,NA,NA,NA,NA,42,200,FR,all,1,H
15,2400,3400,2400,3400,2400,3400,42,200,FR,all,1,H
16,2200,3200,2400,3000,2400,3000,42,200,FR,all,1,H
17,1600,3600,1600,2600,1600,2600,42,200,FR,all,1,H
18,1600,2400,1600,2400,1600,2400,42,200,FR,all,1,H
19,1800,3400,1800,3400,1800,3400,42,200,FR,all,1,H
20,2400,3800,2400,3800,2400,3800,42,200,FR,all,1,H
21,1600,3200,1600,3000,1600,3000,42,200,FR,all,1,H
22,2000,3600,2000,3600,2000,3600,42,200,FR,all,1,H
23,2000,2800,2200,2600,2200,2600,42,200,FR,all,1,H
24,NA,NA,NA,NA,NA,NA,42,200,FR,all,1,H
25,2600,3600,2800,3400,2800,3400,42,200,FR,all,1,H
26,2200,2600,NA,NA,NA,NA,42,200,FR,all,1,H
27,1800,3000,1800,3000,1800,3000,42,200,FR,all,1,H
28,1600,2800,1600,2600,1600,2600,42,200,FR,all,1,H
29,2200,3000,2200,3000,2200,3000,42,200,FR,all,1,H
30,1600,2800,1600,2800,1600,2800,42,200,FR,all,1,H
31,2600,3800,2600,3600,2600,3600,42,200,FR,all,1,H
32,2000,3200,2000,3200,2000,3200,42,200,FR,all,1,H
33,2800,3800,3000,3000,3000,3000,42,200,FR,all,1,H
34,1600,3800,1600,3800,1600,3800,42,200,FR,all,1,H
35,2200,3600,2400,3600,2400,3600,42,200,FR,all,1,H
36,1600,2600,1600,2600,1600,2600,42,200,FR,all,1,H
37,1600,2600,1600,2600,1600,2600,42,200,FR,all,1,H
1,1600,2800,1600,2600,1600,2600,43,200,FR,all,1,H
2,2400,3800,2400,3800,2400,3800,43,200,FR,all,1,H
3,2200,3000,2200,3000,2200,3000,43,200,FR,all,1,H
4,1600,2800,1600,2800,1600,2800,43,200,FR,all,1,H
5,1600,3200,1600,3000,1600,3000,43,200,FR,all,1,H
6,NA,NA,NA,NA,NA,NA,43,200,FR,all,1,H
7,1600,2400,1600,2400,1600,2400,43,200,FR,all,1,H
8,1800,3000,1800,2600,1800,2600,43,200,FR,all,1,H
9,2400,3200,2400,3200,2400,3200,43,200,FR,all,1,H
10,2400,3400,2400,3200,2400,3200,43,200,FR,all,1,H
11,2000,3400,2200,3400,2200,3400,43,200,FR,all,1,H
12,1600,3200,1600,3000,1600,3000,43,200,FR,all,1,H
13,2600,3400,2600,3400,2600,3400,43,200,FR,all,1,H
14,2400,2400,NA,NA,NA,NA,43,200,FR,all,1,H
15,2400,3400,2400,3400,2400,3400,43,200,FR,all,1,H
16,2200,3200,2400,3200,2400,3200,43,200,FR,all,1,H
17,1600,3600,1600,3600,1600,3600,43,200,FR,all,1,H
18,1600,2400,1600,2400,1600,2400,43,200,FR,all,1,H
19,1800,3400,1800,3400,1800,3400,43,200,FR,all,1,H
20,2400,3800,2400,3800,2400,3800,43,200,FR,all,1,H
21,1600,3200,1600,3000,1600,3000,43,200,FR,all,1,H
22,2000,3600,2000,3400,2000,3400,43,200,FR,all,1,H
23,2000,2800,2200,2600,2200,2600,43,200,FR,all,1,H
24,NA,NA,NA,NA,NA,NA,43,200,FR,all,1,H
25,2600,3600,2800,3400,2800,3400,43,200,FR,all,1,H
26,2200,2600,NA,NA,NA,NA,43,200,FR,all,1,H
27,1800,3000,1800,3000,1800,3000,43,200,FR,all,1,H
28,1600,2800,1600,2600,1600,2600,43,200,FR,all,1,H
29,2200,3000,2200,3000,2200,3000,43,200,FR,all,1,H
30,1600,2800,1600,2800,1600,2800,43,200,FR,all,1,H
31,2600,3800,2600,3800,2600,3800,43,200,FR,all,1,H
32,2000,3200,2000,3200,2000,3200,43,200,FR,all,1,H
33,2800,3800,3000,3400,3000,3400,43,200,FR,all,1,H
34,1600,3800,1600,3600,1600,3600,43,200,FR,all,1,H
35,2200,3600,2400,3600,2400,3600,43,200,FR,all,1,H
36,1600,2600,1600,2600,1600,2600,43,200,FR,all,1,H
37,1600,2600,1600,2600,1600,2600,43,200,FR,all,1,H
1,1600,2800,1600,2600,1600,2600,44,200,FR,all,1,H
2,2400,3800,2400,3800,2400,3800,44,200,FR,all,1,H
3,2200,3000,2200,3000,2200,3000,44,200,FR,all,1,H
4,1600,2800,1600,2800,1600,2800,44,200,FR,all,1,H
5,1600,3200,1600,3000,1600,3000,44,200,FR,all,1,H
6,NA,NA,NA,NA,NA,NA,44,200,FR,all,1,H
7,1600,2400,1600,2400,1600,2400,44,200,FR,all,1,H
8,1800,3000,2400,2800,2400,2800,44,200,FR,all,1,H
9,2400,3200,2400,3200,2400,3200,44,200,FR,all,1,H
10,2400,3400,2400,3200,2400,3200,44,200,FR,all,1,H
11,2000,3400,2200,3400,2200,3400,44,200,FR,all,1,H
12,1600,3200,1600,3000,1600,3000,44,200,FR,all,1,H
13,2600,3400,2800,3400,2800,3400,44,200,FR,all,1,H
14,2400,2400,NA,NA,NA,NA,44,200,FR,all,1,H
15,2400,3400,2400,3400,2400,3400,44,200,FR,all,1,H
16,2200,3200,2400,3000,2400,3000,44,200,FR,all,1,H
17,1600,3600,1600,2600,1600,2600,44,200,FR,all,1,H
18,1600,2400,1600,2400,1600,2400,44,200,FR,all,1,H
19,1800,3400,1800,3400,1800,3400,44,200,FR,all,1,H
20,2400,3800,2400,3800,2400,3800,44,200,FR,all,1,H
21,1600,3200,1600,3000,1600,3000,44,200,FR,all,1,H
22,2000,3600,2000,3600,2000,3600,44,200,FR,all,1,H
23,2000,2800,2200,2600,2200,2600,44,200,FR,all,1,H
24,NA,NA,NA,NA,NA,NA,44,200,FR,all,1,H
25,2600,3600,2800,3400,2800,3400,44,200,FR,all,1,H
26,2200,2600,NA,NA,NA,NA,44,200,FR,all,1,H
27,1800,3000,1800,3000,1800,3000,44,200,FR,all,1,H
28,1600,2800,1600,2800,1600,2800,44,200,FR,all,1,H
29,2200,3000,2200,3000,2200,3000,44,200,FR,all,1,H
30,1600,2800,1600,2800,1600,2800,44,200,FR,all,1,H
31,2600,3800,2600,3800,2600,3800,44,200,FR,all,1,H
32,2000,3200,2000,3200,2000,3200,44,200,FR,all,1,H
33,2800,3800,NA,NA,NA,NA,44,200,FR,all,1,H
34,1600,3800,1600,3600,1600,3600,44,200,FR,all,1,H
35,2200,3600,2400,3600,2400,3600,44,200,FR,all,1,H
36,1600,2600,1600,2600,1600,2600,44,200,FR,all,1,H
37,1600,2600,1600,2600,1600,2600,44,200,FR,all,1,H
1,1600,2800,1600,2600,1600,2600,45,200,FR,all,1,H
2,2400,3800,2600,3800,2600,3800,45,200,FR,all,1,H
3,2200,3000,2200,3000,2200,3000,45,200,FR,all,1,H
4,1600,2800,1600,2800,1600,2800,45,200,FR,all,1,H
5,1600,3200,1600,3000,1600,3000,45,200,FR,all,1,H
6,NA,NA,NA,NA,NA,NA,45,200,FR,all,1,H
7,1600,2400,1600,2400,1600,2400,45,200,FR,all,1,H
8,1800,3000,1800,2600,1800,2600,45,200,FR,all,1,H
9,2400,3200,2400,3200,2400,3200,45,200,FR,all,1,H
10,2400,3400,2400,3200,2400,3200,45,200,FR,all,1,H
11,2000,3400,2200,3400,2200,3400,45,200,FR,all,1,H
12,1600,3200,1600,3000,1600,3000,45,200,FR,all,1,H
13,2600,3400,2600,3400,2600,3400,45,200,FR,all,1,H
14,2400,2400,NA,NA,NA,NA,45,200,FR,all,1,H
15,2400,3400,2400,3400,2400,3400,45,200,FR,all,1,H
16,2200,3200,2400,3200,2400,3200,45,200,FR,all,1,H
17,1600,3600,1600,3600,1600,3600,45,200,FR,all,1,H
18,1600,2400,1600,2400,1600,2400,45,200,FR,all,1,H
19,1800,3400,1800,3400,1800,3400,45,200,FR,all,1,H
20,2400,3800,2400,3600,2400,3600,45,200,FR,all,1,H
21,1600,3200,1600,3000,1600,3000,45,200,FR,all,1,H
22,2000,3600,2000,3400,2000,3400,45,200,FR,all,1,H
23,2000,2800,2200,2600,2200,2600,45,200,FR,all,1,H
24,NA,NA,NA,NA,NA,NA,45,200,FR,all,1,H
25,2600,3600,2800,3400,2800,3400,45,200,FR,all,1,H
26,2200,2600,NA,NA,NA,NA,45,200,FR,all,1,H
27,1800,3000,1800,3000,1800,3000,45,200,FR,all,1,H
28,1600,2800,1600,2800,1600,2800,45,200,FR,all,1,H
29,2200,3000,2200,3000,2200,3000,45,200,FR,all,1,H
30,1600,2800,1600,2800,1600,2800,45,200,FR,all,1,H
31,2600,3800,2600,3600,2600,3600,45,200,FR,all,1,H
32,2000,3200,2000,3200,2000,3200,45,200,FR,all,1,H
33,2800,3800,3000,3000,3000,3000,45,200,FR,all,1,H
34,1600,3800,1600,3800,1600,3800,45,200,FR,all,1,H
35,2200,3600,2400,3600,2400,3600,45,200,FR,all,1,H
36,1600,2600,1600,2600,1600,2600,45,200,FR,all,1,H
37,1600,2600,1600,2600,1600,2600,45,200,FR,all,1,H
1,1600,2800,1600,2600,1600,2600,46,200,FR,all,1,H
2,2400,3800,2400,3600,2400,3600,46,200,FR,all,1,H
3,2200,3000,2200,3000,2200,3000,46,200,FR,all,1,H
4,1600,2800,1600,2800,1600,2800,46,200,FR,all,1,H
5,1600,3200,1600,3000,1600,3000,46,200,FR,all,1,H
6,NA,NA,NA,NA,NA,NA,46,200,FR,all,1,H
7,1600,2400,1600,2400,1600,2400,46,200,FR,all,1,H
8,1800,3000,1800,2000,1800,2000,46,200,FR,all,1,H
9,2400,3200,2400,3200,2400,3200,46,200,FR,all,1,H
10,2400,3400,2400,3200,2400,3200,46,200,FR,all,1,H
11,2000,3400,2200,3400,2200,3400,46,200,FR,all,1,H
12,1600,3200,1600,3000,1600,3000,46,200,FR,all,1,H
13,2600,3400,2600,3400,2600,3400,46,200,FR,all,1,H
14,2400,2400,NA,NA,NA,NA,46,200,FR,all,1,H
15,2400,3400,2400,3400,2400,3400,46,200,FR,all,1,H
16,2200,3200,2400,3200,2400,3200,46,200,FR,all,1,H
17,1600,3600,1600,2600,1600,2600,46,200,FR,all,1,H
18,1600,2400,1600,2400,1600,2400,46,200,FR,all,1,H
19,1800,3400,1800,3400,1800,3400,46,200,FR,all,1,H
20,2400,3800,2400,3800,2400,3800,46,200,FR,all,1,H
21,1600,3200,1600,3000,1600,3000,46,200,FR,all,1,H
22,2000,3600,2000,3600,2000,3600,46,200,FR,all,1,H
23,2000,2800,2200,2600,2200,2600,46,200,FR,all,1,H
24,NA,NA,NA,NA,NA,NA,46,200,FR,all,1,H
25,2600,3600,2600,3400,2600,3400,46,200,FR,all,1,H
26,2200,2600,NA,NA,NA,NA,46,200,FR,all,1,H
27,1800,3000,1800,3000,1800,3000,46,200,FR,all,1,H
28,1600,2800,1600,2800,1600,2800,46,200,FR,all,1,H
29,2200,3000,2200,3000,2200,3000,46,200,FR,all,1,H
30,1600,2800,1600,2800,1600,2800,46,200,FR,all,1,H
31,2600,3800,2600,3600,2600,3600,46,200,FR,all,1,H
32,2000,3200,2000,3200,2000,3200,46,200,FR,all,1,H
33,2800,3800,3600,3600,3600,3600,46,200,FR,all,1,H
34,1600,3800,1600,3800,1600,3800,46,200,FR,all,1,H
35,2200,3600,2400,3600,2400,3600,46,200,FR,all,1,H
36,1600,2600,1600,2600,1600,2600,46,200,FR,all,1,H
37,1600,2600,1600,2600,1600,2600,46,200,FR,all,1,H
1,1600,2800,1600,2600,1600,2600,47,200,FR,all,1,H
2,2400,3800,2400,3800,2400,3800,47,200,FR,all,1,H
3,2200,3000,2200,3000,2200,3000,47,200,FR,all,1,H
4,1600,2800,1600,2800,1600,2800,47,200,FR,all,1,H
5,1600,3200,1600,3000,1600,3000,47,200,FR,all,1,H
6,NA,NA,NA,NA,NA,NA,47,200,FR,all,1,H
7,1600,2400,1600,2400,1600,2400,47,200,FR,all,1,H
8,1800,3000,1800,3000,1800,3000,47,200,FR,all,1,H
9,2400,3200,2400,3200,2400,3200,47,200,FR,all,1,H
10,2400,3400,2400,3200,2400,3200,47,200,FR,all,1,H
11,2000,3400,2200,3400,2200,3400,47,200,FR,all,1,H
12,1600,3200,1600,3200,1600,3200,47,200,FR,all,1,H
13,2600,3400,2800,3400,2800,3400,47,200,FR,all,1,H
14,2400,2400,NA,NA,NA,NA,47,200,FR,all,1,H
15,2400,3400,2400,3400,2400,3400,47,200,FR,all,1,H
16,2200,3200,2200,2800,2200,2800,47,200,FR,all,1,H
17,1600,3600,1600,3200,1600,3200,47,200,FR,all,1,H
18,1600,2400,1600,2400,1600,2400,47,200,FR,all,1,H
19,1800,3400,1800,3400,1800,3400,47,200,FR,all,1,H
20,2400,3800,2400,3800,2400,3800,47,200,FR,all,1,H
21,1600,3200,1600,3000,1600,3000,47,200,FR,all,1,H
22,2000,3600,2000,3400,2000,3400,47,200,FR,all,1,H
23,2000,2800,2200,2600,2200,2600,47,200,FR,all,1,H
24,NA,NA,NA,NA,NA,NA,47,200,FR,all,1,H
25,2600,3600,2800,3400,2800,3400,47,200,FR,all,1,H
26,2200,2600,NA,NA,NA,NA,47,200,FR,all,1,H
27,1800,3000,1800,3000,1800,3000,47,200,FR,all,1,H
28,1600,2800,1600,2600,1600,2600,47,200,FR,all,1,H
29,2200,3000,2200,3000,2200,3000,47,200,FR,all,1,H
30,1600,2800,1600,2800,1600,2800,47,200,FR,all,1,H
31,2600,3800,2600,3600,2600,3600,47,200,FR,all,1,H
32,2000,3200,2000,3200,2000,3200,47,200,FR,all,1,H
33,2800,3800,3000,3600,3000,3600,47,200,FR,all,1,H
34,1600,3800,1600,3800,1600,3800,47,200,FR,all,1,H
35,2200,3600,2400,3600,2400,3600,47,200,FR,all,1,H
36,1600,2600,1600,2600,1600,2600,47,200,FR,all,1,H
37,1600,2600,1600,2600,1600,2600,47,200,FR,all,1,H
1,1600,2800,1600,2800,1600,2800,48,200,FR,all,1,H
2,2400,3800,2400,3600,2400,3600,48,200,FR,all,1,H
3,2200,3000,2200,3000,2200,3000,48,200,FR,all,1,H
4,1600,2800,1600,2800,1600,2800,48,200,FR,all,1,H
5,1600,3200,1600,3000,1600,3000,48,200,FR,all,1,H
6,NA,NA,NA,NA,NA,NA,48,200,FR,all,1,H
7,1600,2400,1600,2400,1600,2400,48,200,FR,all,1,H
8,1800,3000,1800,3000,1800,3000,48,200,FR,all,1,H
9,2400,3200,2400,3200,2400,3200,48,200,FR,all,1,H
10,2400,3400,2400,3200,2400,3200,48,200,FR,all,1,H
11,2000,3400,2200,3400,2200,3400,48,200,FR,all,1,H
12,1600,3200,1600,3000,1600,3000,48,200,FR,all,1,H
13,2600,3400,2800,3400,2800,3400,48,200,FR,all,1,H
14,2400,2400,NA,NA,NA,NA,48,200,FR,all,1,H
15,2400,3400,2400,3400,2400,3400,48,200,FR,all,1,H
16,2200,3200,2400,3200,2400,3200,48,200,FR,all,1,H
17,1600,3600,1600,3600,1600,3600,48,200,FR,all,1,H
18,1600,2400,1600,2400,1600,2400,48,200,FR,all,1,H
19,1800,3400,1800,3400,1800,3400,48,200,FR,all,1,H
20,2400,3800,2400,3800,2400,3800,48,200,FR,all,1,H
21,1600,3200,1600,3000,1600,3000,48,200,FR,all,1,H
22,2000,3600,2000,3600,2000,3600,48,200,FR,all,1,H
23,2000,2800,2200,2800,2200,2800,48,200,FR,all,1,H
24,NA,NA,NA,NA,NA,NA,48,200,FR,all,1,H
25,2600,3600,2600,3400,2600,3400,48,200,FR,all,1,H
26,2200,2600,NA,NA,NA,NA,48,200,FR,all,1,H
27,1800,3000,1800,3000,1800,3000,48,200,FR,all,1,H
28,1600,2800,1600,2800,1600,2800,48,200,FR,all,1,H
29,2200,3000,2200,3000,2200,3000,48,200,FR,all,1,H
30,1600,2800,1600,2800,1600,2800,48,200,FR,all,1,H
31,2600,3800,2600,3600,2600,3600,48,200,FR,all,1,H
32,2000,3200,2000,3200,2000,3200,48,200,FR,all,1,H
33,2800,3800,3000,3600,3000,3600,48,200,FR,all,1,H
34,1600,3800,1600,3800,1600,3800,48,200,FR,all,1,H
35,2200,3600,2400,3600,2400,3600,48,200,FR,all,1,H
36,1600,2600,1600,2600,1600,2600,48,200,FR,all,1,H
37,1600,2600,1600,2600,1600,2600,48,200,FR,all,1,H
1,1600,2800,1600,2600,1600,2600,49,200,FR,all,1,H
2,2400,3800,2400,3600,2400,3600,49,200,FR,all,1,H
3,2200,3000,2200,3000,2200,3000,49,200,FR,all,1,H
4,1600,2800,1600,2800,1600,2800,49,200,FR,all,1,H
5,1600,3200,1600,3000,1600,3000,49,200,FR,all,1,H
6,NA,NA,NA,NA,NA,NA,49,200,FR,all,1,H
7,1600,2400,1600,2400,1600,2400,49,200,FR,all,1,H
8,1800,3000,1800,3000,1800,3000,49,200,FR,all,1,H
9,2400,3200,2400,3200,2400,3200,49,200,FR,all,1,H
10,2400,3400,2400,3200,2400,3200,49,200,FR,all,1,H
11,2000,3400,2200,3400,2200,3400,49,200,FR,all,1,H
12,1600,3200,1600,3000,1600,3000,49,200,FR,all,1,H
13,2600,3400,2600,3400,2600,3400,49,200,FR,all,1,H
14,2400,2400,NA,NA,NA,NA,49,200,FR,all,1,H
15,2400,3400,2400,3400,2400,3400,49,200,FR,all,1,H
16,2200,3200,2400,3200,2400,3200,49,200,FR,all,1,H
17,1600,3600,1600,2600,1600,2600,49,200,FR,all,1,H
18,1600,2400,1600,2400,1600,2400,49,200,FR,all,1,H
19,1800,3400,1800,3400,1800,3400,49,200,FR,all,1,H
20,2400,3800,2400,3800,2400,3800,49,200,FR,all,1,H
21,1600,3200,1600,3000,1600,3000,49,200,FR,all,1,H
22,2000,3600,2000,3400,2000,3400,49,200,FR,all,1,H
23,2000,2800,2200,2600,2200,2600,49,200,FR,all,1,H
24,NA,NA,NA,NA,NA,NA,49,200,FR,all,1,H
25,2600,3600,2800,3400,2800,3400,49,200,FR,all,1,H
26,2200,2600,NA,NA,NA,NA,49,200,FR,all,1,H
27,1800,3000,1800,3000,1800,3000,49,200,FR,all,1,H
28,1600,2800,1600,2600,1600,2600,49,200,FR,all,1,H
29,2200,3000,2200,3000,2200,3000,49,200,FR,all,1,H
30,1600,2800,1600,2800,1600,2800,49,200,FR,all,1,H
31,2600,3800,2600,3600,2600,3600,49,200,FR,all,1,H
32,2000,3200,2000,3200,2000,3200,49,200,FR,all,1,H
33,2800,3800,3000,3600,3000,3600,49,200,FR,all,1,H
34,1600,3800,1600,3800,1600,3800,49,200,FR,all,1,H
35,2200,3600,2400,3600,2400,3600,49,200,FR,all,1,H
36,1600,2600,1600,2600,1600,2600,49,200,FR,all,1,H
37,1600,2600,1600,2600,1600,2600,49,200,FR,all,1,H
1,1600,2800,1600,2600,1600,2600,50,200,FR,all,1,H
2,2400,3800,2400,3800,2400,3800,50,200,FR,all,1,H
3,2200,3000,2200,3000,2200,3000,50,200,FR,all,1,H
4,1600,2800,1600,2800,1600,2800,50,200,FR,all,1,H
5,1600,3200,1600,3000,1600,3000,50,200,FR,all,1,H
6,NA,NA,NA,NA,NA,NA,50,200,FR,all,1,H
7,1600,2400,1600,2400,1600,2400,50,200,FR,all,1,H
8,1800,3000,1800,2400,1800,2400,50,200,FR,all,1,H
9,2400,3200,2400,3200,2400,3200,50,200,FR,all,1,H
10,2400,3400,2400,3200,2400,3200,50,200,FR,all,1,H
11,2000,3400,2200,3400,2200,3400,50,200,FR,all,1,H
12,1600,3200,1600,3000,1600,3000,50,200,FR,all,1,H
13,2600,3400,2800,3400,2800,3400,50,200,FR,all,1,H
14,2400,2400,NA,NA,NA,NA,50,200,FR,all,1,H
15,2400,3400,2400,3400,2400,3400,50,200,FR,all,1,H
16,2200,3200,2400,3200,2400,3200,50,200,FR,all,1,H
17,1600,3600,1600,2600,1600,2600,50,200,FR,all,1,H
18,1600,2400,1600,2400,1600,2400,50,200,FR,all,1,H
19,1800,3400,1800,3400,1800,3400,50,200,FR,all,1,H
20,2400,3800,2400,3800,2400,3800,50,200,FR,all,1,H
21,1600,3200,1600,3000,1600,3000,50,200,FR,all,1,H
22,2000,3600,2000,3400,2000,3400,50,200,FR,all,1,H
23,2000,2800,2200,2600,2200,2600,50,200,FR,all,1,H
24,NA,NA,NA,NA,NA,NA,50,200,FR,all,1,H
25,2600,3600,2600,3400,2600,3400,50,200,FR,all,1,H
26,2200,2600,NA,NA,NA,NA,50,200,FR,all,1,H
27,1800,3000,1800,3000,1800,3000,50,200,FR,all,1,H
28,1600,2800,1600,2800,1600,2800,50,200,FR,all,1,H
29,2200,3000,2200,3000,2200,3000,50,200,FR,all,1,H
30,1600,2800,1600,2800,1600,2800,50,200,FR,all,1,H
31,2600,3800,2600,3800,2600,3800,50,200,FR,all,1,H
32,2000,3200,2000,3200,2000,3200,50,200,FR,all,1,H
33,2800,3800,3000,3000,3000,3000,50,200,FR,all,1,H
34,1600,3800,1600,3600,1600,3600,50,200,FR,all,1,H
35,2200,3600,2400,3600,2400,3600,50,200,FR,all,1,H
36,1600,2600,1600,2600,1600,2600,50,200,FR,all,1,H
37,1600,2600,1600,2600,1600,2600,50,200,FR,all,1,H